game_id,end,shot_num,method,depth,playouts,rollouts_per_visit,seed,candidate_idx,label,actual_total_sims,time_sec,arm,q_ref_mean,q_best,regret
7977,6,14,AllGrid,3,50,10,42,34,"Hit(CW,1,WEAK)",6292,527.833,A1,-2.045,-1.635,0.4099999999999999
3926,6,11,AllGrid,3,50,10,42,39,"Hit(CCW,0,STRONG)",18346,1191.84,A1,-1.615,0.425,2.04
3883,1,14,AllGrid,3,50,10,42,0,"Draw(CW,TEE)",1014,53.1063,A1,-0.29,-0.075,0.21499999999999997
9222,7,5,AllGrid,3,50,10,42,13,"Draw(CCW,L1)",31386,1109.53,A1,1.24,1.315,0.07499999999999996
7881,2,15,AllGrid,3,50,10,42,37,"Hit(CCW,2,MIDDLE)",129,9.27128,A1,-1.01,1.72,2.73
6406,1,10,AllGrid,3,50,10,42,40,"Freeze(CW,7)",16517,722.277,A1,-0.845,-0.385,0.45999999999999996
8452,5,15,AllGrid,3,50,10,42,34,"Hit(CW,0,WEAK)",153,13.4268,A1,1.32,1.935,0.615
1028,6,15,AllGrid,3,50,10,42,0,"Draw(CW,TEE)",151,13.3573,A1,0.77,1.0,0.22999999999999998
2596,1,14,AllGrid,3,50,10,42,35,"Hit(CCW,1,WEAK)",6163,499.937,A1,1.58,1.97,0.3899999999999999
4748,1,3,AllGrid,3,50,10,42,25,"Draw(CCW,L7)",40253,1478.66,A1,0.66,0.985,0.32499999999999996
9206,3,13,AllGrid,3,50,10,42,1,"Draw(CCW,TEE)",4888,279.008,A1,0.59,1.73,1.1400000000000001
5859,1,6,AllGrid,3,50,10,42,10,"Draw(CW,L0)",31202,1296.05,A1,-0.31,-0.015,0.295
6871,4,5,AllGrid,3,50,10,42,25,"Draw(CCW,L7)",34887,1413.82,A1,0.53,1.32,0.79
7163,3,13,AllGrid,3,50,10,42,1,"Draw(CCW,TEE)",7851,490.723,A1,1.57,2.465,0.8949999999999998
5807,0,8,AllGrid,3,50,10,42,0,"Draw(CW,TEE)",25644,1170.6,A1,-0.275,0.03,0.30500000000000005
5567,2,15,AllGrid,3,50,10,42,0,"Draw(CW,TEE)",129,10.4869,A1,1.535,1.93,0.395
2507,3,11,AllGrid,3,50,10,42,39,"Hit(CCW,4,WEAK)",16417,946.071,A1,1.66,1.715,0.05500000000000016
7006,3,15,AllGrid,3,50,10,42,0,"Draw(CW,TEE)",145,13.5948,A1,-1.0,-0.97,0.030000000000000027
1984,6,4,AllGrid,3,50,10,42,47,"Hit(CCW,3,MIDDLE)",37486,1469.81,A1,-0.595,-0.31,0.285
1845,7,14,AllGrid,3,50,10,42,44,"PostGuard(CW,10,1)",2665,159.075,A1,1.44,1.44,0.0
5780,2,6,AllGrid,3,50,10,42,36,"Hit(CW,5,MIDDLE)",29701,1144.39,A1,-0.485,-0.375,0.10999999999999999
8645,7,5,AllGrid,3,50,10,42,7,"Draw(CCW,S4)",35091,1469.47,A1,0.835,0.92,0.08500000000000008
6132,0,13,AllGrid,3,50,10,42,2,"Draw(CW,S0)",7585,516.454,A1,1.915,2.62,0.7050000000000001
3339,4,10,AllGrid,3,50,10,42,10,"Draw(CW,L0)",17703,805.39,A1,-0.46,-0.305,0.15500000000000003
3566,6,14,AllGrid,3,50,10,42,0,"Draw(CW,TEE)",5169,456.957,A1,1.0,1.01,0.010000000000000009
5523,3,9,AllGrid,3,50,10,42,0,"Draw(CW,TEE)",22538,1210.0,A1,0.08,0.74,0.66
7015,5,14,AllGrid,3,50,10,42,11,"Draw(CCW,L0)",6123,522.452,A1,-1.135,-1.135,0.0
743,7,3,AllGrid,3,50,10,42,47,"PostGuard(CCW,1,2)",41116,1599.79,A1,0.42,0.98,0.56
1014,4,15,AllGrid,3,50,10,42,10,"Draw(CW,L0)",61,3.34298,A1,3.325,3.325,0.0
3900,0,10,AllGrid,3,50,10,42,2,"Draw(CW,S0)",16548,737.859,A1,0.025,0.305,0.27999999999999997
4543,6,5,AllGrid,3,50,10,42,34,"Hit(CW,0,WEAK)",35140,1455.37,A1,0.71,1.09,0.3800000000000001
9231,5,14,AllGrid,3,50,10,42,42,"Hit(CW,5,TOUCH)",4018,280.844,A1,1.86,2.025,0.1649999999999998
1825,5,7,AllGrid,3,50,10,42,38,"Hit(CW,2,STRONG)",28007,1243.66,A1,0.72,0.865,0.14500000000000002
4062,4,15,AllGrid,3,50,10,42,35,"Hit(CCW,2,WEAK)",117,8.58101,A1,-1.275,-0.475,0.7999999999999999
9882,2,11,AllGrid,3,50,10,42,39,"Hit(CCW,2,STRONG)",16034,961.578,A1,0.33,1.295,0.9649999999999999
2998,6,14,AllGrid,3,50,10,42,41,"Freeze(CCW,1)",6155,547.942,A1,2.525,2.895,0.3700000000000001
1555,2,3,AllGrid,3,50,10,42,5,"Draw(CCW,S2)",41160,1555.03,A1,0.655,1.1,0.44500000000000006
4372,4,14,AllGrid,3,50,10,42,0,"Draw(CW,TEE)",2176,122.301,A1,0.005,0.095,0.09
3732,7,7,AllGrid,3,50,10,42,24,"Draw(CW,L7)",25462,935.178,A1,0.765,1.125,0.36
3858,5,5,AllGrid,3,50,10,42,37,"Hit(CCW,0,MIDDLE)",35750,1519.74,A1,0.385,0.885,0.5
1938,0,14,AllGrid,3,50,10,42,46,"Hit(CW,11,MIDDLE)",4425,321.306,A1,-0.08,1.43,1.51
9112,3,9,AllGrid,3,50,10,42,0,"Draw(CW,TEE)",20549,942.147,A1,0.13,0.76,0.63
4157,3,12,AllGrid,3,50,10,42,36,"Hit(CW,3,MIDDLE)",12249,797.193,A1,-0.705,-0.705,0.0
7373,1,11,AllGrid,3,50,10,42,37,"Hit(CCW,2,MIDDLE)",15751,894.613,A1,0.575,1.175,0.6000000000000001
7173,4,15,AllGrid,3,50,10,42,0,"Draw(CW,TEE)",151,16.1471,A1,1.84,2.0,0.15999999999999992
196,4,4,AllGrid,3,50,10,42,43,"PostGuard(CCW,2,0)",37998,1413.72,A1,-0.685,-0.22,0.4650000000000001
2630,2,14,AllGrid,3,50,10,42,0,"Draw(CW,TEE)",2781,157.796,A1,-1.075,-1.07,0.004999999999999893
5731,2,10,AllGrid,3,50,10,42,8,"Draw(CW,S6)",14384,559.557,A1,-1.4,-0.555,0.8449999999999999
9518,4,5,AllGrid,3,50,10,42,37,"Hit(CCW,0,MIDDLE)",35248,1427.0,A1,0.605,0.985,0.38
8211,7,12,AllGrid,3,50,10,42,10,"Draw(CW,L0)",10455,572.634,A1,-1.205,-0.815,0.3900000000000001
7977,6,14,AllGrid,3,50,10,43,34,"Hit(CW,1,WEAK)",6292,528.201,A1,-2.045,-1.635,0.4099999999999999
3926,6,11,AllGrid,3,50,10,43,37,"Hit(CCW,0,MIDDLE)",17923,1145.17,A1,-1.43,0.425,1.855
3883,1,14,AllGrid,3,50,10,43,0,"Draw(CW,TEE)",1014,53.0391,A1,-0.29,-0.075,0.21499999999999997
9222,7,5,AllGrid,3,50,10,43,22,"Draw(CW,L6)",31729,1121.91,A1,0.965,1.315,0.35
7881,2,15,AllGrid,3,50,10,43,37,"Hit(CCW,2,MIDDLE)",129,9.04163,A1,-1.01,1.72,2.73
6406,1,10,AllGrid,3,50,10,43,10,"Draw(CW,L0)",16410,723.811,A1,-1.015,-0.385,0.6299999999999999
8452,5,15,AllGrid,3,50,10,43,34,"Hit(CW,0,WEAK)",153,12.9301,A1,1.32,1.935,0.615
1028,6,15,AllGrid,3,50,10,43,0,"Draw(CW,TEE)",151,13.0376,A1,0.77,1.0,0.22999999999999998
2596,1,14,AllGrid,3,50,10,43,35,"Hit(CCW,1,WEAK)",6163,509.949,A1,1.58,1.97,0.3899999999999999
4748,1,3,AllGrid,3,50,10,43,16,"Draw(CW,L3)",40143,1471.87,A1,0.885,0.985,0.09999999999999998
9206,3,13,AllGrid,3,50,10,43,1,"Draw(CCW,TEE)",4888,277.542,A1,0.59,1.73,1.1400000000000001
5859,1,6,AllGrid,3,50,10,43,32,"Hit(CW,1,TOUCH)",31252,1288.52,A1,-0.26,-0.015,0.245
6871,4,5,AllGrid,3,50,10,43,3,"Draw(CCW,S0)",35427,1447.46,A1,0.625,1.32,0.6950000000000001
7163,3,13,AllGrid,3,50,10,43,1,"Draw(CCW,TEE)",7851,486.089,A1,1.57,2.465,0.8949999999999998
5807,0,8,AllGrid,3,50,10,43,17,"Draw(CCW,L3)",25387,1170.72,A1,-0.435,0.03,0.46499999999999997
5567,2,15,AllGrid,3,50,10,43,0,"Draw(CW,TEE)",129,10.492,A1,1.535,1.93,0.395
2507,3,11,AllGrid,3,50,10,43,44,"Freeze(CW,4)",16516,935.589,A1,0.08,1.715,1.635
7006,3,15,AllGrid,3,50,10,43,0,"Draw(CW,TEE)",145,13.3862,A1,-1.0,-0.97,0.030000000000000027
1984,6,4,AllGrid,3,50,10,43,2,"Draw(CW,S0)",37839,1477.28,A1,-0.635,-0.31,0.325
1845,7,14,AllGrid,3,50,10,43,44,"PostGuard(CW,10,1)",2665,158.738,A1,1.44,1.44,0.0
5780,2,6,AllGrid,3,50,10,43,5,"Draw(CCW,S2)",29723,1146.59,A1,-0.67,-0.375,0.29500000000000004
8645,7,5,AllGrid,3,50,10,43,36,"Hit(CW,0,MIDDLE)",35055,1450.26,A1,0.41,0.92,0.51
6132,0,13,AllGrid,3,50,10,43,2,"Draw(CW,S0)",7585,515.182,A1,1.915,2.62,0.7050000000000001
3339,4,10,AllGrid,3,50,10,43,28,"PreGuard(CW,G4)",17649,806.576,A1,-1.095,-0.305,0.79
3566,6,14,AllGrid,3,50,10,43,0,"Draw(CW,TEE)",5169,434.197,A1,1.0,1.01,0.010000000000000009
5523,3,9,AllGrid,3,50,10,43,11,"Draw(CCW,L0)",22697,1197.92,A1,-0.155,0.74,0.895
7015,5,14,AllGrid,3,50,10,43,11,"Draw(CCW,L0)",6123,522.698,A1,-1.135,-1.135,0.0
743,7,3,AllGrid,3,50,10,43,22,"Draw(CW,L6)",40466,1549.19,A1,0.8,0.98,0.17999999999999994
1014,4,15,AllGrid,3,50,10,43,10,"Draw(CW,L0)",61,3.33849,A1,3.325,3.325,0.0
3900,0,10,AllGrid,3,50,10,43,18,"Draw(CW,L4)",16262,735.56,A1,-0.815,0.305,1.1199999999999999
4543,6,5,AllGrid,3,50,10,43,4,"Draw(CW,S2)",35656,1469.95,A1,0.41,1.09,0.6800000000000002
9231,5,14,AllGrid,3,50,10,43,42,"Hit(CW,5,TOUCH)",4018,278.28,A1,1.86,2.025,0.1649999999999998
1825,5,7,AllGrid,3,50,10,43,40,"Freeze(CW,2)",27819,1240.74,A1,0.565,0.865,0.30000000000000004
4062,4,15,AllGrid,3,50,10,43,35,"Hit(CCW,2,WEAK)",117,8.38967,A1,-1.275,-0.475,0.7999999999999999
9882,2,11,AllGrid,3,50,10,43,19,"Draw(CCW,L4)",16070,975.463,A1,0.335,1.295,0.96
2998,6,14,AllGrid,3,50,10,43,41,"Freeze(CCW,1)",6155,521.831,A1,2.525,2.895,0.3700000000000001
1555,2,3,AllGrid,3,50,10,43,22,"Draw(CW,L6)",41328,1555.78,A1,0.685,1.1,0.41500000000000004
4372,4,14,AllGrid,3,50,10,43,0,"Draw(CW,TEE)",2176,122.428,A1,0.005,0.095,0.09
3732,7,7,AllGrid,3,50,10,43,33,"Hit(CCW,4,TOUCH)",25046,919.096,A1,0.9,1.125,0.22499999999999998
3858,5,5,AllGrid,3,50,10,43,3,"Draw(CCW,S0)",35816,1551.24,A1,0.795,0.885,0.08999999999999997
1938,0,14,AllGrid,3,50,10,43,46,"Hit(CW,11,MIDDLE)",4425,314.527,A1,-0.08,1.43,1.51
9112,3,9,AllGrid,3,50,10,43,45,"Hit(CCW,4,WEAK)",20257,940.87,A1,0.15,0.76,0.61
4157,3,12,AllGrid,3,50,10,43,36,"Hit(CW,3,MIDDLE)",12393,797.69,A1,-0.705,-0.705,0.0
7373,1,11,AllGrid,3,50,10,43,1,"Draw(CCW,TEE)",15598,904.933,A1,1.055,1.175,0.1200000000000001
7173,4,15,AllGrid,3,50,10,43,0,"Draw(CW,TEE)",151,15.4582,A1,1.84,2.0,0.15999999999999992
196,4,4,AllGrid,3,50,10,43,11,"Draw(CCW,L0)",37396,1405.4,A1,-0.725,-0.22,0.505
2630,2,14,AllGrid,3,50,10,43,0,"Draw(CW,TEE)",2781,157.54,A1,-1.075,-1.07,0.004999999999999893
5731,2,10,AllGrid,3,50,10,43,5,"Draw(CCW,S2)",14571,562.202,A1,-1.13,-0.555,0.5749999999999998
9518,4,5,AllGrid,3,50,10,43,44,"Hit(CW,2,WEAK)",35651,1433.05,A1,0.705,0.985,0.28
8211,7,12,AllGrid,3,50,10,43,10,"Draw(CW,L0)",10644,575.072,A1,-1.205,-0.815,0.3900000000000001
7977,6,14,AllGrid,3,50,10,44,34,"Hit(CW,1,WEAK)",6292,524.629,A1,-2.045,-1.635,0.4099999999999999
3926,6,11,AllGrid,3,50,10,44,39,"Hit(CCW,0,STRONG)",18040,1175.22,A1,-1.615,0.425,2.04
3883,1,14,AllGrid,3,50,10,44,0,"Draw(CW,TEE)",1014,53.1121,A1,-0.29,-0.075,0.21499999999999997
9222,7,5,AllGrid,3,50,10,44,23,"Draw(CCW,L6)",31881,1120.29,A1,1.03,1.315,0.2849999999999999
7881,2,15,AllGrid,3,50,10,44,37,"Hit(CCW,2,MIDDLE)",129,9.02956,A1,-1.01,1.72,2.73
6406,1,10,AllGrid,3,50,10,44,19,"Draw(CCW,L4)",16567,726.922,A1,-1.37,-0.385,0.9850000000000001
8452,5,15,AllGrid,3,50,10,44,34,"Hit(CW,0,WEAK)",153,13.6768,A1,1.32,1.935,0.615
1028,6,15,AllGrid,3,50,10,44,0,"Draw(CW,TEE)",151,14.1847,A1,0.77,1.0,0.22999999999999998
2596,1,14,AllGrid,3,50,10,44,35,"Hit(CCW,1,WEAK)",6163,515.04,A1,1.58,1.97,0.3899999999999999
4748,1,3,AllGrid,3,50,10,44,5,"Draw(CCW,S2)",39963,1476.15,A1,0.715,0.985,0.27
9206,3,13,AllGrid,3,50,10,44,1,"Draw(CCW,TEE)",4888,277.953,A1,0.59,1.73,1.1400000000000001
5859,1,6,AllGrid,3,50,10,44,26,"PreGuard(CW,G3)",30716,1294.4,A1,-0.705,-0.015,0.69
6871,4,5,AllGrid,3,50,10,44,10,"Draw(CW,L0)",34734,1414.51,A1,0.695,1.32,0.6250000000000001
7163,3,13,AllGrid,3,50,10,44,1,"Draw(CCW,TEE)",7851,489.171,A1,1.57,2.465,0.8949999999999998
5807,0,8,AllGrid,3,50,10,44,21,"Draw(CCW,L5)",25664,1182.1,A1,-0.52,0.03,0.55
5567,2,15,AllGrid,3,50,10,44,0,"Draw(CW,TEE)",129,10.2295,A1,1.535,1.93,0.395
2507,3,11,AllGrid,3,50,10,44,48,"Hit(CW,6,WEAK)",16282,928.519,A1,0.785,1.715,0.93
7006,3,15,AllGrid,3,50,10,44,0,"Draw(CW,TEE)",145,13.9517,A1,-1.0,-0.97,0.030000000000000027
1984,6,4,AllGrid,3,50,10,44,28,"PreGuard(CW,G4)",38096,1483.54,A1,-0.88,-0.31,0.5700000000000001
1845,7,14,AllGrid,3,50,10,44,44,"PostGuard(CW,10,1)",2665,158.944,A1,1.44,1.44,0.0
5780,2,6,AllGrid,3,50,10,44,48,Pass,30041,1145.23,A1,-0.9,-0.375,0.525
8645,7,5,AllGrid,3,50,10,44,38,"Hit(CW,0,STRONG)",34849,1459.15,A1,0.71,0.92,0.21000000000000008
6132,0,13,AllGrid,3,50,10,44,2,"Draw(CW,S0)",7585,513.418,A1,1.915,2.62,0.7050000000000001
3339,4,10,AllGrid,3,50,10,44,42,"Hit(CW,9,TOUCH)",17428,792.598,A1,-0.5,-0.305,0.195
3566,6,14,AllGrid,3,50,10,44,0,"Draw(CW,TEE)",5169,449.917,A1,1.0,1.01,0.010000000000000009
5523,3,9,AllGrid,3,50,10,44,0,"Draw(CW,TEE)",22609,1224.54,A1,0.08,0.74,0.66
7015,5,14,AllGrid,3,50,10,44,11,"Draw(CCW,L0)",6123,525.247,A1,-1.135,-1.135,0.0
743,7,3,AllGrid,3,50,10,44,9,"Draw(CCW,S6)",40893,1561.27,A1,0.64,0.98,0.33999999999999997
1014,4,15,AllGrid,3,50,10,44,10,"Draw(CW,L0)",61,3.33598,A1,3.325,3.325,0.0
3900,0,10,AllGrid,3,50,10,44,33,"Hit(CCW,9,TOUCH)",16623,745.026,A1,-0.595,0.305,0.8999999999999999
4543,6,5,AllGrid,3,50,10,44,16,"Draw(CW,L3)",34913,1443.52,A1,0.24,1.09,0.8500000000000001
9231,5,14,AllGrid,3,50,10,44,42,"Hit(CW,5,TOUCH)",4018,277.222,A1,1.86,2.025,0.1649999999999998
1825,5,7,AllGrid,3,50,10,44,38,"Hit(CW,2,STRONG)",28044,1229.35,A1,0.72,0.865,0.14500000000000002
4062,4,15,AllGrid,3,50,10,44,35,"Hit(CCW,2,WEAK)",117,8.44272,A1,-1.275,-0.475,0.7999999999999999
9882,2,11,AllGrid,3,50,10,44,0,"Draw(CW,TEE)",16160,952.589,A1,0.27,1.295,1.025
2998,6,14,AllGrid,3,50,10,44,41,"Freeze(CCW,1)",6155,550.564,A1,2.525,2.895,0.3700000000000001
1555,2,3,AllGrid,3,50,10,44,24,"Draw(CW,L7)",40835,1538.82,A1,0.6,1.1,0.5000000000000001
4372,4,14,AllGrid,3,50,10,44,0,"Draw(CW,TEE)",2176,123.166,A1,0.005,0.095,0.09
3732,7,7,AllGrid,3,50,10,44,24,"Draw(CW,L7)",25083,917.326,A1,0.765,1.125,0.36
3858,5,5,AllGrid,3,50,10,44,3,"Draw(CCW,S0)",35453,1531.11,A1,0.795,0.885,0.08999999999999997
1938,0,14,AllGrid,3,50,10,44,46,"Hit(CW,11,MIDDLE)",4425,320.14,A1,-0.08,1.43,1.51
9112,3,9,AllGrid,3,50,10,44,0,"Draw(CW,TEE)",20355,939.841,A1,0.13,0.76,0.63
4157,3,12,AllGrid,3,50,10,44,36,"Hit(CW,3,MIDDLE)",12375,796.817,A1,-0.705,-0.705,0.0
7373,1,11,AllGrid,3,50,10,44,39,"Hit(CCW,2,STRONG)",15931,910.013,A1,0.575,1.175,0.6000000000000001
7173,4,15,AllGrid,3,50,10,44,0,"Draw(CW,TEE)",151,16.2052,A1,1.84,2.0,0.15999999999999992
196,4,4,AllGrid,3,50,10,44,29,"PreGuard(CCW,G4)",37656,1400.56,A1,-0.65,-0.22,0.43000000000000005
2630,2,14,AllGrid,3,50,10,44,0,"Draw(CW,TEE)",2781,157.076,A1,-1.075,-1.07,0.004999999999999893
5731,2,10,AllGrid,3,50,10,44,37,"Hit(CCW,9,MIDDLE)",14116,545.25,A1,-0.82,-0.555,0.2649999999999999
9518,4,5,AllGrid,3,50,10,44,23,"Draw(CCW,L6)",35281,1431.43,A1,0.475,0.985,0.51
8211,7,12,AllGrid,3,50,10,44,10,"Draw(CW,L0)",10401,572.218,A1,-1.205,-0.815,0.3900000000000001
7977,6,14,AllGrid,3,50,10,45,34,"Hit(CW,1,WEAK)",6292,532.882,A1,-2.045,-1.635,0.4099999999999999
3926,6,11,AllGrid,3,50,10,45,39,"Hit(CCW,0,STRONG)",18355,1167.4,A1,-1.615,0.425,2.04
3883,1,14,AllGrid,3,50,10,45,0,"Draw(CW,TEE)",1014,53.0548,A1,-0.29,-0.075,0.21499999999999997
9222,7,5,AllGrid,3,50,10,45,17,"Draw(CCW,L3)",31958,1126.59,A1,1.315,1.315,0.0
7881,2,15,AllGrid,3,50,10,45,37,"Hit(CCW,2,MIDDLE)",129,9.14269,A1,-1.01,1.72,2.73
6406,1,10,AllGrid,3,50,10,45,10,"Draw(CW,L0)",16590,735.324,A1,-1.015,-0.385,0.6299999999999999
8452,5,15,AllGrid,3,50,10,45,34,"Hit(CW,0,WEAK)",153,13.561,A1,1.32,1.935,0.615
1028,6,15,AllGrid,3,50,10,45,0,"Draw(CW,TEE)",151,13.8289,A1,0.77,1.0,0.22999999999999998
2596,1,14,AllGrid,3,50,10,45,35,"Hit(CCW,1,WEAK)",6163,512.289,A1,1.58,1.97,0.3899999999999999
4748,1,3,AllGrid,3,50,10,45,47,"PostGuard(CCW,3,2)",39553,1458.76,A1,0.46,0.985,0.5249999999999999
9206,3,13,AllGrid,3,50,10,45,1,"Draw(CCW,TEE)",4888,278.884,A1,0.59,1.73,1.1400000000000001
5859,1,6,AllGrid,3,50,10,45,0,"Draw(CW,TEE)",31187,1311.17,A1,-0.015,-0.015,0.0
6871,4,5,AllGrid,3,50,10,45,1,"Draw(CCW,TEE)",34813,1413.48,A1,0.795,1.32,0.525
7163,3,13,AllGrid,3,50,10,45,1,"Draw(CCW,TEE)",7851,494.309,A1,1.57,2.465,0.8949999999999998
5807,0,8,AllGrid,3,50,10,45,33,"Hit(CCW,3,TOUCH)",25844,1179.38,A1,-0.295,0.03,0.32499999999999996
5567,2,15,AllGrid,3,50,10,45,0,"Draw(CW,TEE)",129,10.75,A1,1.535,1.93,0.395
2507,3,11,AllGrid,3,50,10,45,44,"Freeze(CW,4)",16587,927.355,A1,0.08,1.715,1.635
7006,3,15,AllGrid,3,50,10,45,0,"Draw(CW,TEE)",145,12.8033,A1,-1.0,-0.97,0.030000000000000027
1984,6,4,AllGrid,3,50,10,45,42,"Hit(CW,3,TOUCH)",38015,1487.82,A1,-0.695,-0.31,0.38499999999999995
1845,7,14,AllGrid,3,50,10,45,44,"PostGuard(CW,10,1)",2665,158.237,A1,1.44,1.44,0.0
5780,2,6,AllGrid,3,50,10,45,32,"Hit(CW,5,TOUCH)",29751,1147.8,A1,-0.65,-0.375,0.275
8645,7,5,AllGrid,3,50,10,45,48,"Hit(CW,2,STRONG)",34787,1455.45,A1,0.625,0.92,0.29500000000000004
6132,0,13,AllGrid,3,50,10,45,2,"Draw(CW,S0)",7585,516.063,A1,1.915,2.62,0.7050000000000001
3339,4,10,AllGrid,3,50,10,45,43,"Hit(CCW,9,TOUCH)",17442,801.04,A1,-0.705,-0.305,0.39999999999999997
3566,6,14,AllGrid,3,50,10,45,0,"Draw(CW,TEE)",5169,446.918,A1,1.0,1.01,0.010000000000000009
5523,3,9,AllGrid,3,50,10,45,0,"Draw(CW,TEE)",22403,1224.56,A1,0.08,0.74,0.66
7015,5,14,AllGrid,3,50,10,45,11,"Draw(CCW,L0)",6123,520.065,A1,-1.135,-1.135,0.0
743,7,3,AllGrid,3,50,10,45,1,"Draw(CCW,TEE)",40910,1562.03,A1,0.59,0.98,0.39
1014,4,15,AllGrid,3,50,10,45,10,"Draw(CW,L0)",61,3.33922,A1,3.325,3.325,0.0
3900,0,10,AllGrid,3,50,10,45,33,"Hit(CCW,9,TOUCH)",16315,737.755,A1,-0.595,0.305,0.8999999999999999
4543,6,5,AllGrid,3,50,10,45,24,"Draw(CW,L7)",34866,1462.09,A1,0.185,1.09,0.905
9231,5,14,AllGrid,3,50,10,45,42,"Hit(CW,5,TOUCH)",4018,277.337,A1,1.86,2.025,0.1649999999999998
1825,5,7,AllGrid,3,50,10,45,40,"Freeze(CW,2)",27958,1227.18,A1,0.565,0.865,0.30000000000000004
4062,4,15,AllGrid,3,50,10,45,35,"Hit(CCW,2,WEAK)",117,8.48285,A1,-1.275,-0.475,0.7999999999999999
9882,2,11,AllGrid,3,50,10,45,7,"Draw(CCW,S4)",16268,980.482,A1,0.55,1.295,0.7449999999999999
2998,6,14,AllGrid,3,50,10,45,41,"Freeze(CCW,1)",6155,546.963,A1,2.525,2.895,0.3700000000000001
1555,2,3,AllGrid,3,50,10,45,14,"Draw(CW,L2)",40669,1534.37,A1,0.8,1.1,0.30000000000000004
4372,4,14,AllGrid,3,50,10,45,0,"Draw(CW,TEE)",2176,122.664,A1,0.005,0.095,0.09
3732,7,7,AllGrid,3,50,10,45,37,"Hit(CCW,4,MIDDLE)",25493,936.854,A1,0.93,1.125,0.19499999999999995
3858,5,5,AllGrid,3,50,10,45,40,"Freeze(CW,0)",35178,1531.65,A1,0.885,0.885,0.0
1938,0,14,AllGrid,3,50,10,45,46,"Hit(CW,11,MIDDLE)",4425,314.713,A1,-0.08,1.43,1.51
9112,3,9,AllGrid,3,50,10,45,9,"Draw(CCW,S6)",20527,950.411,A1,-0.145,0.76,0.905
4157,3,12,AllGrid,3,50,10,45,36,"Hit(CW,3,MIDDLE)",12546,796.971,A1,-0.705,-0.705,0.0
7373,1,11,AllGrid,3,50,10,45,11,"Draw(CCW,L0)",15769,892.092,A1,0.98,1.175,0.19500000000000006
7173,4,15,AllGrid,3,50,10,45,0,"Draw(CW,TEE)",151,14.5731,A1,1.84,2.0,0.15999999999999992
196,4,4,AllGrid,3,50,10,45,37,"Hit(CCW,3,MIDDLE)",37419,1402.52,A1,-0.585,-0.22,0.365
2630,2,14,AllGrid,3,50,10,45,0,"Draw(CW,TEE)",2781,157.778,A1,-1.075,-1.07,0.004999999999999893
5731,2,10,AllGrid,3,50,10,45,8,"Draw(CW,S6)",14251,552.23,A1,-1.4,-0.555,0.8449999999999999
9518,4,5,AllGrid,3,50,10,45,38,"Hit(CW,0,STRONG)",35157,1409.61,A1,0.56,0.985,0.42499999999999993
8211,7,12,AllGrid,3,50,10,45,45,"Hit(CCW,5,WEAK)",10446,570.62,A1,-1.115,-0.815,0.30000000000000004
7977,6,14,AllGrid,3,50,10,46,34,"Hit(CW,1,WEAK)",6292,521.958,A1,-2.045,-1.635,0.4099999999999999
3926,6,11,AllGrid,3,50,10,46,39,"Hit(CCW,0,STRONG)",18067,1175.21,A1,-1.615,0.425,2.04
3883,1,14,AllGrid,3,50,10,46,0,"Draw(CW,TEE)",1014,53.2529,A1,-0.29,-0.075,0.21499999999999997
9222,7,5,AllGrid,3,50,10,46,24,"Draw(CW,L7)",31138,1101.59,A1,0.93,1.315,0.3849999999999999
7881,2,15,AllGrid,3,50,10,46,37,"Hit(CCW,2,MIDDLE)",129,9.16543,A1,-1.01,1.72,2.73
6406,1,10,AllGrid,3,50,10,46,2,"Draw(CW,S0)",16411,727.795,A1,-0.7,-0.385,0.31499999999999995
8452,5,15,AllGrid,3,50,10,46,34,"Hit(CW,0,WEAK)",153,12.8461,A1,1.32,1.935,0.615
1028,6,15,AllGrid,3,50,10,46,0,"Draw(CW,TEE)",151,13.7705,A1,0.77,1.0,0.22999999999999998
2596,1,14,AllGrid,3,50,10,46,35,"Hit(CCW,1,WEAK)",6163,510.734,A1,1.58,1.97,0.3899999999999999
4748,1,3,AllGrid,3,50,10,46,37,"Hit(CCW,0,MIDDLE)",40709,1483.31,A1,0.85,0.985,0.135
9206,3,13,AllGrid,3,50,10,46,1,"Draw(CCW,TEE)",4888,279.02,A1,0.59,1.73,1.1400000000000001
5859,1,6,AllGrid,3,50,10,46,18,"Draw(CW,L4)",31085,1316.91,A1,-0.515,-0.015,0.5
6871,4,5,AllGrid,3,50,10,46,1,"Draw(CCW,TEE)",34602,1419.4,A1,0.795,1.32,0.525
7163,3,13,AllGrid,3,50,10,46,1,"Draw(CCW,TEE)",7851,488.323,A1,1.57,2.465,0.8949999999999998
5807,0,8,AllGrid,3,50,10,46,34,"Hit(CW,3,WEAK)",25317,1167.03,A1,-0.515,0.03,0.545
5567,2,15,AllGrid,3,50,10,46,0,"Draw(CW,TEE)",129,10.407,A1,1.535,1.93,0.395
2507,3,11,AllGrid,3,50,10,46,39,"Hit(CCW,4,WEAK)",16579,943.191,A1,1.66,1.715,0.05500000000000016
7006,3,15,AllGrid,3,50,10,46,0,"Draw(CW,TEE)",145,13.1204,A1,-1.0,-0.97,0.030000000000000027
1984,6,4,AllGrid,3,50,10,46,11,"Draw(CCW,L0)",37985,1483.79,A1,-0.65,-0.31,0.34
1845,7,14,AllGrid,3,50,10,46,44,"PostGuard(CW,10,1)",2665,158.456,A1,1.44,1.44,0.0
5780,2,6,AllGrid,3,50,10,46,32,"Hit(CW,5,TOUCH)",30368,1159.08,A1,-0.65,-0.375,0.275
8645,7,5,AllGrid,3,50,10,46,10,"Draw(CW,L0)",35009,1473.78,A1,0.66,0.92,0.26
6132,0,13,AllGrid,3,50,10,46,2,"Draw(CW,S0)",7585,503.64,A1,1.915,2.62,0.7050000000000001
3339,4,10,AllGrid,3,50,10,46,43,"Hit(CCW,9,TOUCH)",17787,811.518,A1,-0.705,-0.305,0.39999999999999997
3566,6,14,AllGrid,3,50,10,46,0,"Draw(CW,TEE)",5169,451.048,A1,1.0,1.01,0.010000000000000009
5523,3,9,AllGrid,3,50,10,46,11,"Draw(CCW,L0)",22373,1200.61,A1,-0.155,0.74,0.895
7015,5,14,AllGrid,3,50,10,46,11,"Draw(CCW,L0)",6123,502.378,A1,-1.135,-1.135,0.0
743,7,3,AllGrid,3,50,10,46,37,"Hit(CCW,0,MIDDLE)",41276,1581.95,A1,0.45,0.98,0.53
1014,4,15,AllGrid,3,50,10,46,10,"Draw(CW,L0)",61,3.34506,A1,3.325,3.325,0.0
3900,0,10,AllGrid,3,50,10,46,13,"Draw(CCW,L1)",16192,734.505,A1,-0.775,0.305,1.08
4543,6,5,AllGrid,3,50,10,46,37,"Hit(CCW,0,MIDDLE)",34590,1426.83,A1,0.735,1.09,0.3550000000000001
9231,5,14,AllGrid,3,50,10,46,42,"Hit(CW,5,TOUCH)",4018,271.209,A1,1.86,2.025,0.1649999999999998
1825,5,7,AllGrid,3,50,10,46,41,"Freeze(CCW,2)",27971,1222.9,A1,0.575,0.865,0.29000000000000004
4062,4,15,AllGrid,3,50,10,46,35,"Hit(CCW,2,WEAK)",117,8.35141,A1,-1.275,-0.475,0.7999999999999999
9882,2,11,AllGrid,3,50,10,46,0,"Draw(CW,TEE)",16322,974.016,A1,0.27,1.295,1.025
2998,6,14,AllGrid,3,50,10,46,41,"Freeze(CCW,1)",6155,540.343,A1,2.525,2.895,0.3700000000000001
1555,2,3,AllGrid,3,50,10,46,1,"Draw(CCW,TEE)",40893,1554.72,A1,0.645,1.1,0.45500000000000007
4372,4,14,AllGrid,3,50,10,46,0,"Draw(CW,TEE)",2176,122.652,A1,0.005,0.095,0.09
3732,7,7,AllGrid,3,50,10,46,16,"Draw(CW,L3)",25602,934.971,A1,0.695,1.125,0.43000000000000005
3858,5,5,AllGrid,3,50,10,46,10,"Draw(CW,L0)",35550,1536.52,A1,0.64,0.885,0.245
1938,0,14,AllGrid,3,50,10,46,46,"Hit(CW,11,MIDDLE)",4425,322.047,A1,-0.08,1.43,1.51
9112,3,9,AllGrid,3,50,10,46,6,"Draw(CW,S4)",20472,949.214,A1,0.0,0.76,0.76
4157,3,12,AllGrid,3,50,10,46,45,"Hit(CCW,5,WEAK)",12384,789.583,A1,-1.99,-0.705,1.2850000000000001
7373,1,11,AllGrid,3,50,10,46,15,"Draw(CCW,L2)",15778,913.421,A1,0.445,1.175,0.73
7173,4,15,AllGrid,3,50,10,46,0,"Draw(CW,TEE)",151,15.6746,A1,1.84,2.0,0.15999999999999992
196,4,4,AllGrid,3,50,10,46,16,"Draw(CW,L3)",37675,1422.91,A1,-1.025,-0.22,0.8049999999999999
2630,2,14,AllGrid,3,50,10,46,0,"Draw(CW,TEE)",2781,156.953,A1,-1.075,-1.07,0.004999999999999893
5731,2,10,AllGrid,3,50,10,46,35,"Hit(CCW,9,WEAK)",13904,540.86,A1,-0.705,-0.555,0.1499999999999999
9518,4,5,AllGrid,3,50,10,46,38,"Hit(CW,0,STRONG)",35394,1426.08,A1,0.56,0.985,0.42499999999999993
8211,7,12,AllGrid,3,50,10,46,10,"Draw(CW,L0)",10401,570.113,A1,-1.205,-0.815,0.3900000000000001
7977,6,14,Proposed,3,50,10,42,46,"Hit(CW,3,MIDDLE)",3938,540.615,A2,-3.235,-1.635,1.5999999999999999
3926,6,11,Proposed,3,50,10,42,87,"Hit(CCW,10,MIDDLE)",15819,1513.36,A2,-0.605,0.425,1.03
3883,1,14,Proposed,3,50,10,42,18,"Draw(CW,L4)",367,24.55,A2,-0.355,-0.075,0.27999999999999997
9222,7,5,Proposed,3,50,10,42,7,"Draw(CCW,S4)",32010,1632.83,A2,0.665,1.315,0.6499999999999999
7881,2,15,Proposed,3,50,10,42,0,"Draw(CW,TEE)",129,16.386,A2,-1.005,1.72,2.7249999999999996
6406,1,10,Proposed,3,50,10,42,0,"Draw(CW,TEE)",15133,1030.28,A2,-0.385,-0.385,0.0
8452,5,15,Proposed,3,50,10,42,0,"Draw(CW,TEE)",153,26.6693,A2,1.445,1.935,0.49
1028,6,15,Proposed,3,50,10,42,0,"Draw(CW,TEE)",151,26.3473,A2,0.77,1.0,0.22999999999999998
2596,1,14,Proposed,3,50,10,42,86,"Hit(CW,11,MIDDLE)",4096,578.266,A2,0.65,1.97,1.3199999999999998
4748,1,3,Proposed,3,50,10,42,11,"Draw(CCW,L0)",39812,2111.71,A2,0.54,0.985,0.44499999999999995
9206,3,13,Proposed,3,50,10,42,36,"Hit(CW,12,MIDDLE)",3322,249.284,A2,1.245,1.73,0.4849999999999999
5859,1,6,Proposed,3,50,10,42,34,"Hit(CW,1,WEAK)",29974,1856.57,A2,-0.39,-0.015,0.375
6871,4,5,Proposed,3,50,10,42,8,"Draw(CW,S6)",34300,2113.93,A2,0.82,1.32,0.5000000000000001
7163,3,13,Proposed,3,50,10,42,7,"Draw(CCW,S4)",5040,445.228,A2,1.79,2.465,0.6749999999999998
5807,0,8,Proposed,3,50,10,42,56,"Hit(CW,7,MIDDLE)",24245,1643.95,A2,-0.76,0.03,0.79
5567,2,15,Proposed,3,50,10,42,0,"Draw(CW,TEE)",129,19.1359,A2,1.535,1.93,0.395
2507,3,11,Proposed,3,50,10,42,61,"Hit(CCW,8,MIDDLE)",14808,1275.89,A2,0.815,1.715,0.9000000000000001
7006,3,15,Proposed,3,50,10,42,0,"Draw(CW,TEE)",145,28.8476,A2,-1.0,-0.97,0.030000000000000027
1984,6,4,Proposed,3,50,10,42,7,"Draw(CCW,S4)",36437,2098.21,A2,-0.595,-0.31,0.285
1845,7,14,Proposed,3,50,10,42,48,"PostGuard(CW,12,0)",800,66.2521,A2,1.005,1.44,0.43500000000000005
5780,2,6,Proposed,3,50,10,42,37,"Hit(CCW,5,MIDDLE)",29146,1655.62,A2,-0.75,-0.375,0.375
8645,7,5,Proposed,3,50,10,42,41,"Freeze(CCW,0)",34277,2121.09,A2,0.775,0.92,0.14500000000000002
6132,0,13,Proposed,3,50,10,42,44,"Hit(CW,10,WEAK)",6553,666.206,A2,2.135,2.62,0.4850000000000003
3339,4,10,Proposed,3,50,10,42,62,"PostGuard(CW,6,2)",16429,1102.88,A2,-0.995,-0.305,0.69
3566,6,14,Proposed,3,50,10,42,55,"Hit(CCW,7,WEAK)",3121,445.954,A2,0.45,1.01,0.56
5523,3,9,Proposed,3,50,10,42,55,"Hit(CCW,4,WEAK)",21270,1706.55,A2,0.74,0.74,0.0
7015,5,14,Proposed,3,50,10,42,11,"Draw(CCW,L0)",4010,551.492,A2,-1.135,-1.135,0.0
743,7,3,Proposed,3,50,10,42,54,Pass,40477,2206.15,A2,0.415,0.98,0.565
1014,4,15,Proposed,3,50,10,42,0,"Draw(CW,TEE)",61,4.58476,A2,1.035,3.325,2.29
3900,0,10,Proposed,3,50,10,42,0,"Draw(CW,TEE)",14783,973.775,A2,0.305,0.305,0.0
4543,6,5,Proposed,3,50,10,42,34,"Hit(CW,0,WEAK)",34210,2089.28,A2,0.71,1.09,0.3800000000000001
9231,5,14,Proposed,3,50,10,42,10,"Draw(CW,L0)",1926,198.748,A2,1.14,2.025,0.885
1825,5,7,Proposed,3,50,10,42,1,"Draw(CCW,TEE)",27177,1830.63,A2,0.79,0.865,0.07499999999999996
4062,4,15,Proposed,3,50,10,42,0,"Draw(CW,TEE)",117,14.8075,A2,-1.995,-0.475,1.52
9882,2,11,Proposed,3,50,10,42,64,"Hit(CW,8,WEAK)",15126,1474.7,A2,0.225,1.295,1.0699999999999998
2998,6,14,Proposed,3,50,10,42,57,"Hit(CCW,5,MIDDLE)",3970,587.127,A2,2.82,2.895,0.07500000000000018
1555,2,3,Proposed,3,50,10,42,8,"Draw(CW,S6)",40235,2195.42,A2,0.635,1.1,0.4650000000000001
4372,4,14,Proposed,3,50,10,42,19,"Draw(CCW,L4)",603,45.0289,A2,0.02,0.095,0.075
3732,7,7,Proposed,3,50,10,42,8,"Draw(CW,S6)",25430,1351.35,A2,0.685,1.125,0.43999999999999995
3858,5,5,Proposed,3,50,10,42,41,"Freeze(CCW,0)",34691,2183.12,A2,0.695,0.885,0.19000000000000006
1938,0,14,Proposed,3,50,10,42,54,"Hit(CW,13,WEAK)",2076,246.572,A2,1.175,1.43,0.2549999999999999
9112,3,9,Proposed,3,50,10,42,56,"Hit(CW,6,MIDDLE)",19231,1302.93,A2,0.695,0.76,0.06500000000000006
4157,3,12,Proposed,3,50,10,42,36,"Hit(CW,3,MIDDLE)",10751,1064.02,A2,-0.705,-0.705,0.0
7373,1,11,Proposed,3,50,10,42,33,"Hit(CCW,2,TOUCH)",14346,1302.06,A2,1.09,1.175,0.08499999999999996
7173,4,15,Proposed,3,50,10,42,0,"Draw(CW,TEE)",151,33.9688,A2,1.84,2.0,0.15999999999999992
196,4,4,Proposed,3,50,10,42,44,"PostGuard(CW,2,1)",36945,1996.51,A2,-0.385,-0.22,0.165
2630,2,14,Proposed,3,50,10,42,33,"Hit(CCW,11,TOUCH)",867,66.9099,A2,-1.445,-1.07,0.375
5731,2,10,Proposed,3,50,10,42,13,"Draw(CCW,L1)",14286,782.406,A2,-0.94,-0.555,0.3849999999999999
9518,4,5,Proposed,3,50,10,42,37,"Hit(CCW,0,MIDDLE)",34296,2133.21,A2,0.605,0.985,0.38
8211,7,12,Proposed,3,50,10,42,65,"Hit(CCW,11,WEAK)",9097,717.641,A2,-1.605,-0.815,0.79
7977,6,14,Proposed,3,50,10,43,46,"Hit(CW,3,MIDDLE)",3938,544.275,A2,-3.235,-1.635,1.5999999999999999
3926,6,11,Proposed,3,50,10,43,87,"Hit(CCW,10,MIDDLE)",15298,1455.91,A2,-0.605,0.425,1.03
3883,1,14,Proposed,3,50,10,43,18,"Draw(CW,L4)",367,24.7007,A2,-0.355,-0.075,0.27999999999999997
9222,7,5,Proposed,3,50,10,43,12,"Draw(CW,L1)",32298,1620.31,A2,0.885,1.315,0.42999999999999994
7881,2,15,Proposed,3,50,10,43,0,"Draw(CW,TEE)",129,15.3514,A2,-1.005,1.72,2.7249999999999996
6406,1,10,Proposed,3,50,10,43,0,"Draw(CW,TEE)",15071,1030.85,A2,-0.385,-0.385,0.0
8452,5,15,Proposed,3,50,10,43,0,"Draw(CW,TEE)",153,27.2992,A2,1.445,1.935,0.49
1028,6,15,Proposed,3,50,10,43,0,"Draw(CW,TEE)",151,27.8424,A2,0.77,1.0,0.22999999999999998
2596,1,14,Proposed,3,50,10,43,86,"Hit(CW,11,MIDDLE)",4096,591.159,A2,0.65,1.97,1.3199999999999998
4748,1,3,Proposed,3,50,10,43,36,"Hit(CW,0,MIDDLE)",39667,2105.03,A2,0.31,0.985,0.675
9206,3,13,Proposed,3,50,10,43,36,"Hit(CW,12,MIDDLE)",3322,248.263,A2,1.245,1.73,0.4849999999999999
5859,1,6,Proposed,3,50,10,43,61,"PostGuard(CCW,4,1)",29982,1819.78,A2,-0.585,-0.015,0.57
6871,4,5,Proposed,3,50,10,43,11,"Draw(CCW,L0)",34798,2085.52,A2,0.85,1.32,0.4700000000000001
7163,3,13,Proposed,3,50,10,43,7,"Draw(CCW,S4)",5040,449.689,A2,1.79,2.465,0.6749999999999998
5807,0,8,Proposed,3,50,10,43,71,"PostGuard(CCW,4,1)",24033,1647.08,A2,-0.035,0.03,0.065
5567,2,15,Proposed,3,50,10,43,0,"Draw(CW,TEE)",129,23.8474,A2,1.535,1.93,0.395
2507,3,11,Proposed,3,50,10,43,41,"Hit(CCW,4,MIDDLE)",14886,1272.37,A2,0.645,1.715,1.07
7006,3,15,Proposed,3,50,10,43,0,"Draw(CW,TEE)",145,28.5688,A2,-1.0,-0.97,0.030000000000000027
1984,6,4,Proposed,3,50,10,43,36,"Hit(CW,1,MIDDLE)",36728,2049.1,A2,-0.41,-0.31,0.09999999999999998
1845,7,14,Proposed,3,50,10,43,48,"PostGuard(CW,12,0)",800,66.4171,A2,1.005,1.44,0.43500000000000005
5780,2,6,Proposed,3,50,10,43,37,"Hit(CCW,5,MIDDLE)",29188,1638.45,A2,-0.75,-0.375,0.375
8645,7,5,Proposed,3,50,10,43,11,"Draw(CCW,L0)",34207,2098.31,A2,0.72,0.92,0.20000000000000007
6132,0,13,Proposed,3,50,10,43,44,"Hit(CW,10,WEAK)",6553,670.056,A2,2.135,2.62,0.4850000000000003
3339,4,10,Proposed,3,50,10,43,2,"Draw(CW,S0)",16430,1110.96,A2,-0.67,-0.305,0.36500000000000005
3566,6,14,Proposed,3,50,10,43,55,"Hit(CCW,7,WEAK)",3121,452.777,A2,0.45,1.01,0.56
5523,3,9,Proposed,3,50,10,43,55,"Hit(CCW,4,WEAK)",21401,1699.89,A2,0.74,0.74,0.0
7015,5,14,Proposed,3,50,10,43,11,"Draw(CCW,L0)",4010,572.734,A2,-1.135,-1.135,0.0
743,7,3,Proposed,3,50,10,43,40,"Freeze(CW,0)",39808,2199.3,A2,0.645,0.98,0.33499999999999996
1014,4,15,Proposed,3,50,10,43,0,"Draw(CW,TEE)",61,4.436,A2,1.035,3.325,2.29
3900,0,10,Proposed,3,50,10,43,0,"Draw(CW,TEE)",14600,966.76,A2,0.305,0.305,0.0
4543,6,5,Proposed,3,50,10,43,35,"Hit(CCW,0,WEAK)",34630,2087.24,A2,0.465,1.09,0.625
9231,5,14,Proposed,3,50,10,43,10,"Draw(CW,L0)",1926,204.543,A2,1.14,2.025,0.885
1825,5,7,Proposed,3,50,10,43,47,"Hit(CCW,4,MIDDLE)",26923,1795.34,A2,0.515,0.865,0.35
4062,4,15,Proposed,3,50,10,43,0,"Draw(CW,TEE)",117,14.8476,A2,-1.995,-0.475,1.52
9882,2,11,Proposed,3,50,10,43,10,"Draw(CW,L0)",15036,1441.23,A2,0.425,1.295,0.8699999999999999
2998,6,14,Proposed,3,50,10,43,57,"Hit(CCW,5,MIDDLE)",3970,594.535,A2,2.82,2.895,0.07500000000000018
1555,2,3,Proposed,3,50,10,43,36,"Hit(CW,0,MIDDLE)",40529,2171.9,A2,0.625,1.1,0.4750000000000001
4372,4,14,Proposed,3,50,10,43,19,"Draw(CCW,L4)",603,45.0937,A2,0.02,0.095,0.075
3732,7,7,Proposed,3,50,10,43,32,"Hit(CW,4,TOUCH)",24968,1317.5,A2,1.075,1.125,0.050000000000000044
3858,5,5,Proposed,3,50,10,43,63,"PostGuard(CCW,1,0)",34832,2180.84,A2,0.705,0.885,0.18000000000000005
1938,0,14,Proposed,3,50,10,43,54,"Hit(CW,13,WEAK)",2076,243.028,A2,1.175,1.43,0.2549999999999999
9112,3,9,Proposed,3,50,10,43,56,"Hit(CW,6,MIDDLE)",18933,1280.25,A2,0.695,0.76,0.06500000000000006
4157,3,12,Proposed,3,50,10,43,34,"Hit(CW,3,WEAK)",10773,1065.29,A2,-1.14,-0.705,0.43499999999999994
7373,1,11,Proposed,3,50,10,43,33,"Hit(CCW,2,TOUCH)",14168,1288.09,A2,1.09,1.175,0.08499999999999996
7173,4,15,Proposed,3,50,10,43,0,"Draw(CW,TEE)",151,34.912,A2,1.84,2.0,0.15999999999999992
196,4,4,Proposed,3,50,10,43,44,"PostGuard(CW,2,1)",36449,1991.55,A2,-0.385,-0.22,0.165
2630,2,14,Proposed,3,50,10,43,33,"Hit(CCW,11,TOUCH)",867,67.7471,A2,-1.445,-1.07,0.375
5731,2,10,Proposed,3,50,10,43,13,"Draw(CCW,L1)",14431,788.894,A2,-0.94,-0.555,0.3849999999999999
9518,4,5,Proposed,3,50,10,43,46,"Hit(CW,2,MIDDLE)",34783,2152.14,A2,0.845,0.985,0.14
8211,7,12,Proposed,3,50,10,43,54,"Hit(CW,9,WEAK)",9264,731.371,A2,-1.06,-0.815,0.2450000000000001
7977,6,14,Proposed,3,50,10,44,46,"Hit(CW,3,MIDDLE)",3938,540.045,A2,-3.235,-1.635,1.5999999999999999
3926,6,11,Proposed,3,50,10,44,37,"Hit(CCW,0,MIDDLE)",15363,1461.88,A2,-1.43,0.425,1.855
3883,1,14,Proposed,3,50,10,44,18,"Draw(CW,L4)",367,24.52,A2,-0.355,-0.075,0.27999999999999997
9222,7,5,Proposed,3,50,10,44,9,"Draw(CCW,S6)",32315,1633.12,A2,0.995,1.315,0.31999999999999995
7881,2,15,Proposed,3,50,10,44,0,"Draw(CW,TEE)",129,15.4598,A2,-1.005,1.72,2.7249999999999996
6406,1,10,Proposed,3,50,10,44,0,"Draw(CW,TEE)",15293,1041.95,A2,-0.385,-0.385,0.0
8452,5,15,Proposed,3,50,10,44,0,"Draw(CW,TEE)",153,27.8903,A2,1.445,1.935,0.49
1028,6,15,Proposed,3,50,10,44,0,"Draw(CW,TEE)",151,29.3666,A2,0.77,1.0,0.22999999999999998
2596,1,14,Proposed,3,50,10,44,86,"Hit(CW,11,MIDDLE)",4096,580.761,A2,0.65,1.97,1.3199999999999998
4748,1,3,Proposed,3,50,10,44,11,"Draw(CCW,L0)",39494,2098.31,A2,0.54,0.985,0.44499999999999995
9206,3,13,Proposed,3,50,10,44,36,"Hit(CW,12,MIDDLE)",3322,246.998,A2,1.245,1.73,0.4849999999999999
5859,1,6,Proposed,3,50,10,44,43,"Hit(CCW,5,TOUCH)",29430,1827.06,A2,-0.52,-0.015,0.505
6871,4,5,Proposed,3,50,10,44,3,"Draw(CCW,S0)",34098,2091.71,A2,0.625,1.32,0.6950000000000001
7163,3,13,Proposed,3,50,10,44,7,"Draw(CCW,S4)",5040,448.133,A2,1.79,2.465,0.6749999999999998
5807,0,8,Proposed,3,50,10,44,56,"Hit(CW,7,MIDDLE)",24279,1639.66,A2,-0.76,0.03,0.79
5567,2,15,Proposed,3,50,10,44,0,"Draw(CW,TEE)",129,19.6978,A2,1.535,1.93,0.395
2507,3,11,Proposed,3,50,10,44,39,"Hit(CCW,4,WEAK)",14828,1290.77,A2,1.66,1.715,0.05500000000000016
7006,3,15,Proposed,3,50,10,44,0,"Draw(CW,TEE)",145,28.0127,A2,-1.0,-0.97,0.030000000000000027
1984,6,4,Proposed,3,50,10,44,35,"Hit(CCW,1,WEAK)",37050,2107.47,A2,-0.705,-0.31,0.39499999999999996
1845,7,14,Proposed,3,50,10,44,48,"PostGuard(CW,12,0)",800,65.4343,A2,1.005,1.44,0.43500000000000005
5780,2,6,Proposed,3,50,10,44,37,"Hit(CCW,5,MIDDLE)",29470,1642.5,A2,-0.75,-0.375,0.375
8645,7,5,Proposed,3,50,10,44,1,"Draw(CCW,TEE)",33929,2083.8,A2,0.76,0.92,0.16000000000000003
6132,0,13,Proposed,3,50,10,44,44,"Hit(CW,10,WEAK)",6553,669.241,A2,2.135,2.62,0.4850000000000003
3339,4,10,Proposed,3,50,10,44,2,"Draw(CW,S0)",16196,1092.85,A2,-0.67,-0.305,0.36500000000000005
3566,6,14,Proposed,3,50,10,44,55,"Hit(CCW,7,WEAK)",3121,447.42,A2,0.45,1.01,0.56
5523,3,9,Proposed,3,50,10,44,55,"Hit(CCW,4,WEAK)",21444,1756.52,A2,0.74,0.74,0.0
7015,5,14,Proposed,3,50,10,44,11,"Draw(CCW,L0)",4010,552.447,A2,-1.135,-1.135,0.0
743,7,3,Proposed,3,50,10,44,13,"Draw(CCW,L1)",40302,2198.96,A2,0.705,0.98,0.275
1014,4,15,Proposed,3,50,10,44,0,"Draw(CW,TEE)",61,4.5108,A2,1.035,3.325,2.29
3900,0,10,Proposed,3,50,10,44,0,"Draw(CW,TEE)",15119,990.203,A2,0.305,0.305,0.0
4543,6,5,Proposed,3,50,10,44,1,"Draw(CCW,TEE)",33938,2065.91,A2,0.775,1.09,0.31500000000000006
9231,5,14,Proposed,3,50,10,44,10,"Draw(CW,L0)",1926,202.505,A2,1.14,2.025,0.885
1825,5,7,Proposed,3,50,10,44,1,"Draw(CCW,TEE)",27224,1819.17,A2,0.79,0.865,0.07499999999999996
4062,4,15,Proposed,3,50,10,44,0,"Draw(CW,TEE)",117,14.4518,A2,-1.995,-0.475,1.52
9882,2,11,Proposed,3,50,10,44,65,"Hit(CCW,8,WEAK)",15196,1476.36,A2,0.3,1.295,0.9949999999999999
2998,6,14,Proposed,3,50,10,44,57,"Hit(CCW,5,MIDDLE)",3970,592.545,A2,2.82,2.895,0.07500000000000018
1555,2,3,Proposed,3,50,10,44,34,"Hit(CW,0,WEAK)",40027,2171.77,A2,0.59,1.1,0.5100000000000001
4372,4,14,Proposed,3,50,10,44,19,"Draw(CCW,L4)",603,46.0722,A2,0.02,0.095,0.075
3732,7,7,Proposed,3,50,10,44,42,"PostGuard(CW,7,0)",24929,1324.8,A2,0.54,1.125,0.585
3858,5,5,Proposed,3,50,10,44,41,"Freeze(CCW,0)",34475,2180.87,A2,0.695,0.885,0.19000000000000006
1938,0,14,Proposed,3,50,10,44,54,"Hit(CW,13,WEAK)",2076,242.65,A2,1.175,1.43,0.2549999999999999
9112,3,9,Proposed,3,50,10,44,34,"Hit(CW,2,WEAK)",19118,1322.05,A2,0.625,0.76,0.135
4157,3,12,Proposed,3,50,10,44,34,"Hit(CW,3,WEAK)",10827,1064.47,A2,-1.14,-0.705,0.43499999999999994
7373,1,11,Proposed,3,50,10,44,51,"Freeze(CCW,4)",14482,1313.36,A2,0.965,1.175,0.21000000000000008
7173,4,15,Proposed,3,50,10,44,0,"Draw(CW,TEE)",151,36.1244,A2,1.84,2.0,0.15999999999999992
196,4,4,Proposed,3,50,10,44,44,"PostGuard(CW,2,1)",36565,1978.71,A2,-0.385,-0.22,0.165
2630,2,14,Proposed,3,50,10,44,33,"Hit(CCW,11,TOUCH)",867,67.8565,A2,-1.445,-1.07,0.375
5731,2,10,Proposed,3,50,10,44,13,"Draw(CCW,L1)",13947,768.851,A2,-0.94,-0.555,0.3849999999999999
9518,4,5,Proposed,3,50,10,44,46,"Hit(CW,2,MIDDLE)",34370,2132.2,A2,0.845,0.985,0.14
8211,7,12,Proposed,3,50,10,44,70,"Freeze(CW,11)",9033,719.436,A2,-1.045,-0.815,0.22999999999999998
7977,6,14,Proposed,3,50,10,45,46,"Hit(CW,3,MIDDLE)",3938,530.674,A2,-3.235,-1.635,1.5999999999999999
3926,6,11,Proposed,3,50,10,45,77,"Hit(CCW,8,MIDDLE)",15584,1474.98,A2,-1.16,0.425,1.585
3883,1,14,Proposed,3,50,10,45,18,"Draw(CW,L4)",367,25.8778,A2,-0.355,-0.075,0.27999999999999997
9222,7,5,Proposed,3,50,10,45,12,"Draw(CW,L1)",32564,1661.55,A2,0.885,1.315,0.42999999999999994
7881,2,15,Proposed,3,50,10,45,0,"Draw(CW,TEE)",129,15.3205,A2,-1.005,1.72,2.7249999999999996
6406,1,10,Proposed,3,50,10,45,42,"Hit(CW,9,TOUCH)",15498,1048.99,A2,-0.66,-0.385,0.275
8452,5,15,Proposed,3,50,10,45,0,"Draw(CW,TEE)",153,28.3206,A2,1.445,1.935,0.49
1028,6,15,Proposed,3,50,10,45,0,"Draw(CW,TEE)",151,27.5213,A2,0.77,1.0,0.22999999999999998
2596,1,14,Proposed,3,50,10,45,86,"Hit(CW,11,MIDDLE)",4096,586.06,A2,0.65,1.97,1.3199999999999998
4748,1,3,Proposed,3,50,10,45,36,"Hit(CW,0,MIDDLE)",39033,2086.79,A2,0.31,0.985,0.675
9206,3,13,Proposed,3,50,10,45,36,"Hit(CW,12,MIDDLE)",3322,250.06,A2,1.245,1.73,0.4849999999999999
5859,1,6,Proposed,3,50,10,45,59,"PostGuard(CCW,4,0)",29900,1857.21,A2,-0.355,-0.015,0.33999999999999997
6871,4,5,Proposed,3,50,10,45,40,"Freeze(CW,0)",34183,2090.18,A2,0.525,1.32,0.795
7163,3,13,Proposed,3,50,10,45,7,"Draw(CCW,S4)",5040,447.028,A2,1.79,2.465,0.6749999999999998
5807,0,8,Proposed,3,50,10,45,37,"Hit(CCW,3,MIDDLE)",24433,1680.04,A2,-0.105,0.03,0.135
5567,2,15,Proposed,3,50,10,45,0,"Draw(CW,TEE)",129,20.2335,A2,1.535,1.93,0.395
2507,3,11,Proposed,3,50,10,45,41,"Hit(CCW,4,MIDDLE)",15062,1300.19,A2,0.645,1.715,1.07
7006,3,15,Proposed,3,50,10,45,0,"Draw(CW,TEE)",145,28.6465,A2,-1.0,-0.97,0.030000000000000027
1984,6,4,Proposed,3,50,10,45,7,"Draw(CCW,S4)",36931,2114.45,A2,-0.595,-0.31,0.285
1845,7,14,Proposed,3,50,10,45,48,"PostGuard(CW,12,0)",800,66.7117,A2,1.005,1.44,0.43500000000000005
5780,2,6,Proposed,3,50,10,45,37,"Hit(CCW,5,MIDDLE)",29162,1659.94,A2,-0.75,-0.375,0.375
8645,7,5,Proposed,3,50,10,45,1,"Draw(CCW,TEE)",33975,2116.46,A2,0.76,0.92,0.16000000000000003
6132,0,13,Proposed,3,50,10,45,44,"Hit(CW,10,WEAK)",6553,664.455,A2,2.135,2.62,0.4850000000000003
3339,4,10,Proposed,3,50,10,45,2,"Draw(CW,S0)",16204,1098.14,A2,-0.67,-0.305,0.36500000000000005
3566,6,14,Proposed,3,50,10,45,55,"Hit(CCW,7,WEAK)",3121,462.23,A2,0.45,1.01,0.56
5523,3,9,Proposed,3,50,10,45,55,"Hit(CCW,4,WEAK)",21249,1752.58,A2,0.74,0.74,0.0
7015,5,14,Proposed,3,50,10,45,11,"Draw(CCW,L0)",4010,550.16,A2,-1.135,-1.135,0.0
743,7,3,Proposed,3,50,10,45,7,"Draw(CCW,S4)",40231,2228.14,A2,0.5,0.98,0.48
1014,4,15,Proposed,3,50,10,45,0,"Draw(CW,TEE)",61,4.27901,A2,1.035,3.325,2.29
3900,0,10,Proposed,3,50,10,45,0,"Draw(CW,TEE)",14641,965.979,A2,0.305,0.305,0.0
4543,6,5,Proposed,3,50,10,45,44,"Hit(CW,2,WEAK)",33807,2037.06,A2,0.78,1.09,0.31000000000000005
9231,5,14,Proposed,3,50,10,45,10,"Draw(CW,L0)",1926,197.09,A2,1.14,2.025,0.885
1825,5,7,Proposed,3,50,10,45,6,"Draw(CW,S4)",26986,1808.09,A2,0.55,0.865,0.31499999999999995
4062,4,15,Proposed,3,50,10,45,0,"Draw(CW,TEE)",117,14.7808,A2,-1.995,-0.475,1.52
9882,2,11,Proposed,3,50,10,45,65,"Hit(CCW,8,WEAK)",15320,1480.56,A2,0.3,1.295,0.9949999999999999
2998,6,14,Proposed,3,50,10,45,57,"Hit(CCW,5,MIDDLE)",3970,586.954,A2,2.82,2.895,0.07500000000000018
1555,2,3,Proposed,3,50,10,45,11,"Draw(CCW,L0)",39801,2159.1,A2,0.805,1.1,0.29500000000000004
4372,4,14,Proposed,3,50,10,45,19,"Draw(CCW,L4)",603,45.332,A2,0.02,0.095,0.075
3732,7,7,Proposed,3,50,10,45,8,"Draw(CW,S6)",25399,1347.48,A2,0.685,1.125,0.43999999999999995
3858,5,5,Proposed,3,50,10,45,56,"Hit(CW,4,MIDDLE)",34052,2149.95,A2,0.555,0.885,0.32999999999999996
1938,0,14,Proposed,3,50,10,45,54,"Hit(CW,13,WEAK)",2076,245.411,A2,1.175,1.43,0.2549999999999999
9112,3,9,Proposed,3,50,10,45,56,"Hit(CW,6,MIDDLE)",18905,1252.73,A2,0.695,0.76,0.06500000000000006
4157,3,12,Proposed,3,50,10,45,37,"Hit(CCW,3,MIDDLE)",11008,1086.52,A2,-1.71,-0.705,1.005
7373,1,11,Proposed,3,50,10,45,51,"Freeze(CCW,4)",14332,1308.08,A2,0.965,1.175,0.21000000000000008
7173,4,15,Proposed,3,50,10,45,0,"Draw(CW,TEE)",151,36.5357,A2,1.84,2.0,0.15999999999999992
196,4,4,Proposed,3,50,10,45,0,"Draw(CW,TEE)",36447,1991.82,A2,-0.62,-0.22,0.4
2630,2,14,Proposed,3,50,10,45,33,"Hit(CCW,11,TOUCH)",867,67.6081,A2,-1.445,-1.07,0.375
5731,2,10,Proposed,3,50,10,45,13,"Draw(CCW,L1)",14177,784.111,A2,-0.94,-0.555,0.3849999999999999
9518,4,5,Proposed,3,50,10,45,46,"Hit(CW,2,MIDDLE)",34302,2131.9,A2,0.845,0.985,0.14
8211,7,12,Proposed,3,50,10,45,70,"Freeze(CW,11)",9108,733.923,A2,-1.045,-0.815,0.22999999999999998
7977,6,14,Proposed,3,50,10,46,46,"Hit(CW,3,MIDDLE)",3938,545.453,A2,-3.235,-1.635,1.5999999999999999
3926,6,11,Proposed,3,50,10,46,87,"Hit(CCW,10,MIDDLE)",15570,1510.26,A2,-0.605,0.425,1.03
3883,1,14,Proposed,3,50,10,46,18,"Draw(CW,L4)",367,24.7478,A2,-0.355,-0.075,0.27999999999999997
9222,7,5,Proposed,3,50,10,46,32,"Hit(CW,4,MIDDLE)",31733,1634.09,A2,0.605,1.315,0.71
7881,2,15,Proposed,3,50,10,46,0,"Draw(CW,TEE)",129,15.428,A2,-1.005,1.72,2.7249999999999996
6406,1,10,Proposed,3,50,10,46,0,"Draw(CW,TEE)",14932,1026.7,A2,-0.385,-0.385,0.0
8452,5,15,Proposed,3,50,10,46,0,"Draw(CW,TEE)",153,28.5089,A2,1.445,1.935,0.49
1028,6,15,Proposed,3,50,10,46,0,"Draw(CW,TEE)",151,27.6917,A2,0.77,1.0,0.22999999999999998
2596,1,14,Proposed,3,50,10,46,86,"Hit(CW,11,MIDDLE)",4096,585.984,A2,0.65,1.97,1.3199999999999998
4748,1,3,Proposed,3,50,10,46,40,"Freeze(CW,0)",40256,2131.68,A2,0.815,0.985,0.17000000000000004
9206,3,13,Proposed,3,50,10,46,36,"Hit(CW,12,MIDDLE)",3322,253.348,A2,1.245,1.73,0.4849999999999999
5859,1,6,Proposed,3,50,10,46,37,"Hit(CCW,1,MIDDLE)",29817,1834.35,A2,-0.57,-0.015,0.5549999999999999
6871,4,5,Proposed,3,50,10,46,3,"Draw(CCW,S0)",34025,2103.31,A2,0.625,1.32,0.6950000000000001
7163,3,13,Proposed,3,50,10,46,7,"Draw(CCW,S4)",5040,450.698,A2,1.79,2.465,0.6749999999999998
5807,0,8,Proposed,3,50,10,46,56,"Hit(CW,7,MIDDLE)",23903,1635.86,A2,-0.76,0.03,0.79
5567,2,15,Proposed,3,50,10,46,0,"Draw(CW,TEE)",129,19.4412,A2,1.535,1.93,0.395
2507,3,11,Proposed,3,50,10,46,41,"Hit(CCW,4,MIDDLE)",15077,1295.28,A2,0.645,1.715,1.07
7006,3,15,Proposed,3,50,10,46,0,"Draw(CW,TEE)",145,27.7781,A2,-1.0,-0.97,0.030000000000000027
1984,6,4,Proposed,3,50,10,46,0,"Draw(CW,TEE)",37040,2135.95,A2,-0.785,-0.31,0.47500000000000003
1845,7,14,Proposed,3,50,10,46,48,"PostGuard(CW,12,0)",800,66.9499,A2,1.005,1.44,0.43500000000000005
5780,2,6,Proposed,3,50,10,46,37,"Hit(CCW,5,MIDDLE)",29809,1677.33,A2,-0.75,-0.375,0.375
8645,7,5,Proposed,3,50,10,46,46,"Hit(CW,2,MIDDLE)",34107,2109.26,A2,0.62,0.92,0.30000000000000004
6132,0,13,Proposed,3,50,10,46,44,"Hit(CW,10,WEAK)",6553,672.375,A2,2.135,2.62,0.4850000000000003
3339,4,10,Proposed,3,50,10,46,62,"PostGuard(CW,6,2)",16525,1118.5,A2,-0.995,-0.305,0.69
3566,6,14,Proposed,3,50,10,46,55,"Hit(CCW,7,WEAK)",3121,460.257,A2,0.45,1.01,0.56
5523,3,9,Proposed,3,50,10,46,55,"Hit(CCW,4,WEAK)",21095,1710.52,A2,0.74,0.74,0.0
7015,5,14,Proposed,3,50,10,46,11,"Draw(CCW,L0)",4010,556.768,A2,-1.135,-1.135,0.0
743,7,3,Proposed,3,50,10,46,36,"Hit(CW,0,MIDDLE)",40617,2214.55,A2,0.49,0.98,0.49
1014,4,15,Proposed,3,50,10,46,0,"Draw(CW,TEE)",61,5.12355,A2,1.035,3.325,2.29
3900,0,10,Proposed,3,50,10,46,0,"Draw(CW,TEE)",14817,988.018,A2,0.305,0.305,0.0
4543,6,5,Proposed,3,50,10,46,45,"Hit(CCW,2,WEAK)",33603,2057.0,A2,1.09,1.09,0.0
9231,5,14,Proposed,3,50,10,46,10,"Draw(CW,L0)",1926,199.012,A2,1.14,2.025,0.885
1825,5,7,Proposed,3,50,10,46,37,"Hit(CCW,2,MIDDLE)",27032,1807.78,A2,0.485,0.865,0.38
4062,4,15,Proposed,3,50,10,46,0,"Draw(CW,TEE)",117,14.1655,A2,-1.995,-0.475,1.52
9882,2,11,Proposed,3,50,10,46,10,"Draw(CW,L0)",15296,1465.2,A2,0.425,1.295,0.8699999999999999
2998,6,14,Proposed,3,50,10,46,57,"Hit(CCW,5,MIDDLE)",3970,598.691,A2,2.82,2.895,0.07500000000000018
1555,2,3,Proposed,3,50,10,46,8,"Draw(CW,S6)",40055,2196.9,A2,0.635,1.1,0.4650000000000001
4372,4,14,Proposed,3,50,10,46,19,"Draw(CCW,L4)",603,45.3865,A2,0.02,0.095,0.075
3732,7,7,Proposed,3,50,10,46,16,"Draw(CW,L3)",25571,1353.11,A2,0.695,1.125,0.43000000000000005
3858,5,5,Proposed,3,50,10,46,36,"Hit(CW,0,MIDDLE)",34578,2177.53,A2,0.74,0.885,0.14500000000000002
1938,0,14,Proposed,3,50,10,46,54,"Hit(CW,13,WEAK)",2076,245.175,A2,1.175,1.43,0.2549999999999999
9112,3,9,Proposed,3,50,10,46,56,"Hit(CW,6,MIDDLE)",18994,1271.43,A2,0.695,0.76,0.06500000000000006
4157,3,12,Proposed,3,50,10,46,37,"Hit(CCW,3,MIDDLE)",10856,1072.62,A2,-1.71,-0.705,1.005
7373,1,11,Proposed,3,50,10,46,33,"Hit(CCW,2,TOUCH)",14371,1305.89,A2,1.09,1.175,0.08499999999999996
7173,4,15,Proposed,3,50,10,46,0,"Draw(CW,TEE)",151,34.8616,A2,1.84,2.0,0.15999999999999992
196,4,4,Proposed,3,50,10,46,44,"PostGuard(CW,2,1)",36683,1992.49,A2,-0.385,-0.22,0.165
2630,2,14,Proposed,3,50,10,46,33,"Hit(CCW,11,TOUCH)",867,67.6593,A2,-1.445,-1.07,0.375
5731,2,10,Proposed,3,50,10,46,13,"Draw(CCW,L1)",13832,772.308,A2,-0.94,-0.555,0.3849999999999999
9518,4,5,Proposed,3,50,10,46,46,"Hit(CW,2,MIDDLE)",34503,2154.74,A2,0.845,0.985,0.14
8211,7,12,Proposed,3,50,10,46,70,"Freeze(CW,11)",9045,728.132,A2,-1.045,-0.815,0.22999999999999998
7977,6,14,RandomK,3,50,10,42,67,"Hit(CCW,7,MIDDLE)",4072,652.089,A5,-2.275,-1.635,0.6399999999999999
3926,6,11,RandomK,3,50,10,42,90,"Freeze(CW,10)",16633,1878.19,A5,-1.015,0.425,1.44
3883,1,14,RandomK,3,50,10,42,14,"Draw(CW,L2)",342,24.0056,A5,-0.77,-0.075,0.6950000000000001
9222,7,5,RandomK,3,50,10,42,9,"Draw(CCW,S6)",31936,1641.65,A5,0.995,1.315,0.31999999999999995
7881,2,15,RandomK,3,50,10,42,3,"Draw(CCW,S0)",129,15.7469,A5,-1.325,1.72,3.045
6406,1,10,RandomK,3,50,10,42,6,"Draw(CW,S4)",15304,1036.33,A5,-0.435,-0.385,0.04999999999999999
8452,5,15,RandomK,3,50,10,42,0,"Draw(CW,TEE)",153,26.6481,A5,1.445,1.935,0.49
1028,6,15,RandomK,3,50,10,42,2,"Draw(CW,S0)",151,29.3658,A5,-0.045,1.0,1.045
2596,1,14,RandomK,3,50,10,42,45,"Hit(CCW,3,WEAK)",4194,662.187,A5,1.385,1.97,0.585
4748,1,3,RandomK,3,50,10,42,23,"Draw(CCW,L6)",39757,2136.54,A5,0.655,0.985,0.32999999999999996
9206,3,13,RandomK,3,50,10,42,11,"Draw(CCW,L0)",2484,187.704,A5,1.66,1.73,0.07000000000000006
5859,1,6,RandomK,3,50,10,42,25,"Draw(CCW,L7)",30245,1954.86,A5,-0.665,-0.015,0.65
6871,4,5,RandomK,3,50,10,42,64,"PostGuard(CW,5,0)",34183,2139.33,A5,0.71,1.32,0.6100000000000001
7163,3,13,RandomK,3,50,10,42,3,"Draw(CCW,S0)",6468,578.07,A5,1.735,2.465,0.7299999999999998
5807,0,8,RandomK,3,50,10,42,0,"Draw(CW,TEE)",24471,1819.49,A5,-0.275,0.03,0.30500000000000005
5567,2,15,RandomK,3,50,10,42,32,"Hit(CW,2,TOUCH)",129,19.6256,A5,1.575,1.93,0.355
2507,3,11,RandomK,3,50,10,42,60,"Hit(CW,8,MIDDLE)",14534,1272.17,A5,1.42,1.715,0.29500000000000015
7006,3,15,RandomK,3,50,10,42,11,"Draw(CCW,L0)",145,32.5666,A5,-1.0,-0.97,0.030000000000000027
1984,6,4,RandomK,3,50,10,42,35,"Hit(CCW,1,WEAK)",36598,2114.18,A5,-0.705,-0.31,0.39499999999999996
1845,7,14,RandomK,3,50,10,42,11,"Draw(CCW,L0)",800,65.8797,A5,-0.31,1.44,1.75
5780,2,6,RandomK,3,50,10,42,36,"Hit(CW,5,MIDDLE)",28611,1603.39,A5,-0.485,-0.375,0.10999999999999999
8645,7,5,RandomK,3,50,10,42,48,"Hit(CW,2,STRONG)",33693,2104.31,A5,0.625,0.92,0.29500000000000004
6132,0,13,RandomK,3,50,10,42,3,"Draw(CCW,S0)",6822,751.957,A5,2.105,2.62,0.5150000000000001
3339,4,10,RandomK,3,50,10,42,39,"Hit(CCW,7,STRONG)",16426,1144.59,A5,-0.63,-0.305,0.325
3566,6,14,RandomK,3,50,10,42,56,"Hit(CW,7,MIDDLE)",3257,554.582,A5,0.34,1.01,0.6699999999999999
5523,3,9,RandomK,3,50,10,42,57,"Hit(CCW,4,MIDDLE)",20781,1737.99,A5,0.605,0.74,0.135
7015,5,14,RandomK,3,50,10,42,69,"Hit(CCW,7,STRONG)",4201,674.866,A5,-3.315,-1.135,2.1799999999999997
743,7,3,RandomK,3,50,10,42,35,"Hit(CCW,0,WEAK)",40463,2261.41,A5,0.505,0.98,0.475
1014,4,15,RandomK,3,50,10,42,4,"Draw(CW,S2)",61,4.42467,A5,1.0,3.325,2.325
3900,0,10,RandomK,3,50,10,42,37,"Hit(CCW,9,MIDDLE)",14725,952.622,A5,-0.52,0.305,0.825
4543,6,5,RandomK,3,50,10,42,3,"Draw(CCW,S0)",33820,2054.99,A5,0.56,1.09,0.53
9231,5,14,RandomK,3,50,10,42,10,"Draw(CW,L0)",2097,236.996,A5,1.14,2.025,0.885
1825,5,7,RandomK,3,50,10,42,2,"Draw(CW,S0)",27410,1868.06,A5,0.43,0.865,0.435
4062,4,15,RandomK,3,50,10,42,35,"Hit(CCW,2,WEAK)",117,14.5829,A5,-1.275,-0.475,0.7999999999999999
9882,2,11,RandomK,3,50,10,42,54,"Hit(CW,6,WEAK)",15640,1597.15,A5,0.175,1.295,1.1199999999999999
2998,6,14,RandomK,3,50,10,42,59,"Hit(CCW,5,STRONG)",4384,753.038,A5,2.895,2.895,0.0
1555,2,3,RandomK,3,50,10,42,17,"Draw(CCW,L3)",40199,2203.7,A5,1.1,1.1,0.0
4372,4,14,RandomK,3,50,10,42,2,"Draw(CW,S0)",643,48.5936,A5,-0.545,0.095,0.64
3732,7,7,RandomK,3,50,10,42,25,"Draw(CCW,L7)",25327,1308.53,A5,0.535,1.125,0.59
3858,5,5,RandomK,3,50,10,42,67,"PostGuard(CCW,1,2)",34593,2214.99,A5,0.65,0.885,0.235
1938,0,14,RandomK,3,50,10,42,48,"Hit(CW,11,STRONG)",1748,220.842,A5,-0.045,1.43,1.4749999999999999
9112,3,9,RandomK,3,50,10,42,58,"Hit(CW,6,STRONG)",18892,1286.96,A5,0.415,0.76,0.34500000000000003
4157,3,12,RandomK,3,50,10,42,38,"Hit(CW,3,STRONG)",10382,1111.89,A5,-0.885,-0.705,0.18000000000000005
7373,1,11,RandomK,3,50,10,42,11,"Draw(CCW,L0)",14512,1400.62,A5,0.98,1.175,0.19500000000000006
7173,4,15,RandomK,3,50,10,42,5,"Draw(CCW,S2)",151,38.0573,A5,2.0,2.0,0.0
196,4,4,RandomK,3,50,10,42,46,"PostGuard(CW,2,2)",36402,1990.55,A5,-0.59,-0.22,0.37
2630,2,14,RandomK,3,50,10,42,34,"Hit(CW,11,WEAK)",877,69.2146,A5,-1.285,-1.07,0.21499999999999986
5731,2,10,RandomK,3,50,10,42,8,"Draw(CW,S6)",13636,726.861,A5,-1.4,-0.555,0.8449999999999999
9518,4,5,RandomK,3,50,10,42,55,"PostGuard(CCW,1,1)",34188,2176.34,A5,0.095,0.985,0.89
8211,7,12,RandomK,3,50,10,42,6,"Draw(CW,S4)",9085,760.419,A5,-1.225,-0.815,0.41000000000000014
7977,6,14,RandomK,3,50,10,43,36,"Hit(CW,1,MIDDLE)",4118,644.919,A5,-2.385,-1.635,0.7499999999999998
3926,6,11,RandomK,3,50,10,43,86,"Hit(CW,10,MIDDLE)",15874,1741.34,A5,-1.11,0.425,1.5350000000000001
3883,1,14,RandomK,3,50,10,43,0,"Draw(CW,TEE)",340,23.4073,A5,-0.29,-0.075,0.21499999999999997
9222,7,5,RandomK,3,50,10,43,24,"Draw(CW,L7)",32009,1659.12,A5,0.93,1.315,0.3849999999999999
7881,2,15,RandomK,3,50,10,43,2,"Draw(CW,S0)",129,15.5732,A5,-1.0,1.72,2.7199999999999998
6406,1,10,RandomK,3,50,10,43,40,"Freeze(CW,7)",14793,1008.15,A5,-0.845,-0.385,0.45999999999999996
8452,5,15,RandomK,3,50,10,43,88,"Hit(CW,10,STRONG)",153,27.1619,A5,1.35,1.935,0.585
1028,6,15,RandomK,3,50,10,43,7,"Draw(CCW,S4)",151,28.3427,A5,1.0,1.0,0.0
2596,1,14,RandomK,3,50,10,43,45,"Hit(CCW,3,WEAK)",4327,695.537,A5,1.385,1.97,0.585
4748,1,3,RandomK,3,50,10,43,37,"Hit(CCW,0,MIDDLE)",39483,2158.97,A5,0.85,0.985,0.135
9206,3,13,RandomK,3,50,10,43,37,"Hit(CCW,12,MIDDLE)",2053,153.149,A5,1.255,1.73,0.4750000000000001
5859,1,6,RandomK,3,50,10,43,2,"Draw(CW,S0)",29746,1921.39,A5,-0.22,-0.015,0.20500000000000002
6871,4,5,RandomK,3,50,10,43,58,"PostGuard(CW,3,0)",34793,2116.39,A5,0.885,1.32,0.43500000000000005
7163,3,13,RandomK,3,50,10,43,67,"Hit(CCW,12,MIDDLE)",5698,495.182,A5,1.88,2.465,0.585
5807,0,8,RandomK,3,50,10,43,19,"Draw(CCW,L4)",24232,1774.82,A5,-0.44,0.03,0.47
5567,2,15,RandomK,3,50,10,43,6,"Draw(CW,S4)",129,21.4379,A5,1.875,1.93,0.05499999999999994
2507,3,11,RandomK,3,50,10,43,60,"Hit(CW,8,MIDDLE)",14583,1286.55,A5,1.42,1.715,0.29500000000000015
7006,3,15,RandomK,3,50,10,43,4,"Draw(CW,S2)",145,27.3851,A5,-1.0,-0.97,0.030000000000000027
1984,6,4,RandomK,3,50,10,43,10,"Draw(CW,L0)",36828,2134.45,A5,-0.745,-0.31,0.435
1845,7,14,RandomK,3,50,10,43,42,"PostGuard(CW,10,0)",745,62.2027,A5,0.73,1.44,0.71
5780,2,6,RandomK,3,50,10,43,25,"Draw(CCW,L7)",28680,1626.39,A5,-0.625,-0.375,0.25
8645,7,5,RandomK,3,50,10,43,49,"Hit(CCW,2,STRONG)",33914,2093.63,A5,0.35,0.92,0.5700000000000001
6132,0,13,RandomK,3,50,10,43,74,"PostGuard(CW,9,0)",6217,666.196,A5,1.88,2.62,0.7400000000000002
3339,4,10,RandomK,3,50,10,43,50,"Freeze(CW,9)",16566,1164.47,A5,-0.305,-0.305,0.0
3566,6,14,RandomK,3,50,10,43,1,"Draw(CCW,TEE)",3355,597.206,A5,0.75,1.01,0.26
5523,3,9,RandomK,3,50,10,43,55,"Hit(CCW,4,WEAK)",21672,1835.13,A5,0.74,0.74,0.0
7015,5,14,RandomK,3,50,10,43,48,"Hit(CW,3,STRONG)",4084,651.518,A5,-3.32,-1.135,2.1849999999999996
743,7,3,RandomK,3,50,10,43,26,"PreGuard(CW,G3)",39791,2254.35,A5,0.625,0.98,0.355
1014,4,15,RandomK,3,50,10,43,15,"Draw(CCW,L2)",61,4.37715,A5,1.0,3.325,2.325
3900,0,10,RandomK,3,50,10,43,37,"Hit(CCW,9,MIDDLE)",14494,963.718,A5,-0.52,0.305,0.825
4543,6,5,RandomK,3,50,10,43,34,"Hit(CW,0,WEAK)",34492,2116.08,A5,0.71,1.09,0.3800000000000001
9231,5,14,RandomK,3,50,10,43,42,"Hit(CW,5,TOUCH)",2015,222.41,A5,1.86,2.025,0.1649999999999998
1825,5,7,RandomK,3,50,10,43,21,"Draw(CCW,L5)",27030,1849.91,A5,0.285,0.865,0.5800000000000001
4062,4,15,RandomK,3,50,10,43,56,"Hit(CW,6,MIDDLE)",117,14.705,A5,-1.585,-0.475,1.1099999999999999
9882,2,11,RandomK,3,50,10,43,67,"Hit(CCW,8,MIDDLE)",15401,1575.71,A5,0.34,1.295,0.9549999999999998
2998,6,14,RandomK,3,50,10,43,36,"Hit(CW,1,MIDDLE)",3985,697.421,A5,2.595,2.895,0.2999999999999998
1555,2,3,RandomK,3,50,10,43,45,"PostGuard(CCW,1,1)",40458,2219.25,A5,0.735,1.1,0.3650000000000001
4372,4,14,RandomK,3,50,10,43,39,"Hit(CCW,13,STRONG)",554,41.6943,A5,-0.85,0.095,0.945
3732,7,7,RandomK,3,50,10,43,8,"Draw(CW,S6)",24641,1299.74,A5,0.685,1.125,0.43999999999999995
3858,5,5,RandomK,3,50,10,43,21,"Draw(CCW,L5)",34669,2248.97,A5,0.27,0.885,0.615
1938,0,14,RandomK,3,50,10,43,56,"Hit(CW,13,MIDDLE)",2043,250.987,A5,-0.1,1.43,1.53
9112,3,9,RandomK,3,50,10,43,57,"Hit(CCW,6,MIDDLE)",19194,1383.43,A5,0.4,0.76,0.36
4157,3,12,RandomK,3,50,10,43,33,"Hit(CCW,3,TOUCH)",11780,1355.99,A5,-1.825,-0.705,1.12
7373,1,11,RandomK,3,50,10,43,7,"Draw(CCW,S4)",14248,1354.46,A5,0.905,1.175,0.27
7173,4,15,RandomK,3,50,10,43,2,"Draw(CW,S0)",151,38.7472,A5,1.905,2.0,0.09499999999999997
196,4,4,RandomK,3,50,10,43,39,"Hit(CCW,3,STRONG)",36089,1983.9,A5,-0.735,-0.22,0.515
2630,2,14,RandomK,3,50,10,43,10,"Draw(CW,L0)",879,69.5456,A5,-1.27,-1.07,0.19999999999999996
5731,2,10,RandomK,3,50,10,43,8,"Draw(CW,S6)",13986,747.467,A5,-1.4,-0.555,0.8449999999999999
9518,4,5,RandomK,3,50,10,43,36,"Hit(CW,0,MIDDLE)",34483,2188.43,A5,0.595,0.985,0.39
8211,7,12,RandomK,3,50,10,43,68,"Hit(CW,11,STRONG)",9340,766.674,A5,-1.425,-0.815,0.6100000000000001
7977,6,14,RandomK,3,50,10,44,36,"Hit(CW,1,MIDDLE)",4308,673.891,A5,-2.385,-1.635,0.7499999999999998
3926,6,11,RandomK,3,50,10,44,68,"Hit(CW,6,STRONG)",16134,1773.47,A5,0.295,0.425,0.13
3883,1,14,RandomK,3,50,10,44,4,"Draw(CW,S2)",367,24.2534,A5,-0.645,-0.075,0.5700000000000001
9222,7,5,RandomK,3,50,10,44,27,"PreGuard(CCW,G3)",31744,1615.38,A5,0.72,1.315,0.595
7881,2,15,RandomK,3,50,10,44,37,"Hit(CCW,2,MIDDLE)",129,15.5078,A5,-1.01,1.72,2.73
6406,1,10,RandomK,3,50,10,44,45,"Hit(CCW,9,WEAK)",14694,955.842,A5,-0.815,-0.385,0.42999999999999994
8452,5,15,RandomK,3,50,10,44,86,"Hit(CW,10,MIDDLE)",153,25.9842,A5,1.37,1.935,0.565
1028,6,15,RandomK,3,50,10,44,1,"Draw(CCW,TEE)",151,28.9217,A5,1.0,1.0,0.0
2596,1,14,RandomK,3,50,10,44,86,"Hit(CW,11,MIDDLE)",4414,670.727,A5,0.65,1.97,1.3199999999999998
4748,1,3,RandomK,3,50,10,44,4,"Draw(CW,S2)",39499,2162.4,A5,0.495,0.985,0.49
9206,3,13,RandomK,3,50,10,44,39,"Hit(CCW,12,STRONG)",2859,222.727,A5,1.23,1.73,0.5
5859,1,6,RandomK,3,50,10,44,40,"Freeze(CW,1)",29715,2024.83,A5,-0.36,-0.015,0.345
6871,4,5,RandomK,3,50,10,44,60,"PostGuard(CW,3,1)",34035,2108.36,A5,0.785,1.32,0.535
7163,3,13,RandomK,3,50,10,44,68,"Hit(CW,12,STRONG)",5870,512.302,A5,1.42,2.465,1.045
5807,0,8,RandomK,3,50,10,44,11,"Draw(CCW,L0)",24608,1821.53,A5,-0.585,0.03,0.615
5567,2,15,RandomK,3,50,10,44,12,"Draw(CW,L1)",129,20.3477,A5,1.76,1.93,0.16999999999999993
2507,3,11,RandomK,3,50,10,44,70,"Hit(CW,10,MIDDLE)",14511,1349.38,A5,0.43,1.715,1.2850000000000001
7006,3,15,RandomK,3,50,10,44,3,"Draw(CCW,S0)",145,26.3543,A5,-1.0,-0.97,0.030000000000000027
1984,6,4,RandomK,3,50,10,44,46,"Hit(CW,3,MIDDLE)",37168,2144.98,A5,-0.61,-0.31,0.3
1845,7,14,RandomK,3,50,10,44,44,"PostGuard(CW,10,1)",747,62.1691,A5,1.44,1.44,0.0
5780,2,6,RandomK,3,50,10,44,37,"Hit(CCW,5,MIDDLE)",29390,1681.17,A5,-0.75,-0.375,0.375
8645,7,5,RandomK,3,50,10,44,34,"Hit(CW,0,WEAK)",34047,2139.73,A5,0.92,0.92,0.0
6132,0,13,RandomK,3,50,10,44,46,"Hit(CW,10,MIDDLE)",5960,634.219,A5,1.725,2.62,0.895
3339,4,10,RandomK,3,50,10,44,2,"Draw(CW,S0)",15866,1117.88,A5,-0.67,-0.305,0.36500000000000005
3566,6,14,RandomK,3,50,10,44,0,"Draw(CW,TEE)",3200,562.808,A5,1.0,1.01,0.010000000000000009
5523,3,9,RandomK,3,50,10,44,56,"Hit(CW,4,MIDDLE)",20915,1777.04,A5,0.445,0.74,0.295
7015,5,14,RandomK,3,50,10,44,57,"Hit(CCW,5,MIDDLE)",4410,712.146,A5,-1.88,-1.135,0.7449999999999999
743,7,3,RandomK,3,50,10,44,2,"Draw(CW,S0)",39861,2245.87,A5,0.705,0.98,0.275
1014,4,15,RandomK,3,50,10,44,11,"Draw(CCW,L0)",61,4.70881,A5,1.965,3.325,1.36
3900,0,10,RandomK,3,50,10,44,36,"Hit(CW,9,MIDDLE)",14783,948.685,A5,-0.54,0.305,0.845
4543,6,5,RandomK,3,50,10,44,44,"Hit(CW,2,WEAK)",33855,2098.81,A5,0.78,1.09,0.31000000000000005
9231,5,14,RandomK,3,50,10,44,80,"Freeze(CW,13)",1932,219.217,A5,1.275,2.025,0.75
1825,5,7,RandomK,3,50,10,44,6,"Draw(CW,S4)",27070,1887.45,A5,0.55,0.865,0.31499999999999995
4062,4,15,RandomK,3,50,10,44,35,"Hit(CCW,2,WEAK)",117,14.1967,A5,-1.275,-0.475,0.7999999999999999
9882,2,11,RandomK,3,50,10,44,30,"PreGuard(CW,G5)",14857,1526.68,A5,0.23,1.295,1.065
2998,6,14,RandomK,3,50,10,44,57,"Hit(CCW,5,MIDDLE)",4100,707.21,A5,2.82,2.895,0.07500000000000018
1555,2,3,RandomK,3,50,10,44,22,"Draw(CW,L6)",39875,2196.2,A5,0.685,1.1,0.41500000000000004
4372,4,14,RandomK,3,50,10,44,43,"PostGuard(CCW,12,0)",635,47.276,A5,-0.255,0.095,0.35
3732,7,7,RandomK,3,50,10,44,5,"Draw(CCW,S2)",24955,1292.15,A5,0.515,1.125,0.61
3858,5,5,RandomK,3,50,10,44,41,"Freeze(CCW,0)",34271,2239.59,A5,0.695,0.885,0.19000000000000006
1938,0,14,RandomK,3,50,10,44,46,"Hit(CW,11,MIDDLE)",2041,247.583,A5,-0.08,1.43,1.51
9112,3,9,RandomK,3,50,10,44,38,"Hit(CW,2,STRONG)",18882,1337.35,A5,0.405,0.76,0.355
4157,3,12,RandomK,3,50,10,44,34,"Hit(CW,3,WEAK)",11445,1312.88,A5,-1.14,-0.705,0.43499999999999994
7373,1,11,RandomK,3,50,10,44,0,"Draw(CW,TEE)",14695,1440.66,A5,0.5,1.175,0.675
7173,4,15,RandomK,3,50,10,44,19,"Draw(CCW,L4)",151,33.1824,A5,2.0,2.0,0.0
196,4,4,RandomK,3,50,10,44,45,"PostGuard(CCW,2,1)",36699,2018.73,A5,-0.495,-0.22,0.275
2630,2,14,RandomK,3,50,10,44,33,"Hit(CCW,11,TOUCH)",877,68.6766,A5,-1.445,-1.07,0.375
5731,2,10,RandomK,3,50,10,44,20,"Draw(CW,L5)",14015,777.411,A5,-1.23,-0.555,0.6749999999999999
9518,4,5,RandomK,3,50,10,44,54,"PostGuard(CW,1,1)",34323,2206.66,A5,0.285,0.985,0.7
8211,7,12,RandomK,3,50,10,44,60,"Freeze(CW,9)",9229,752.356,A5,-1.45,-0.815,0.635
7977,6,14,RandomK,3,50,10,45,67,"Hit(CCW,7,MIDDLE)",4255,668.283,A5,-2.275,-1.635,0.6399999999999999
3926,6,11,RandomK,3,50,10,45,68,"Hit(CW,6,STRONG)",16763,1847.35,A5,0.295,0.425,0.13
3883,1,14,RandomK,3,50,10,45,0,"Draw(CW,TEE)",385,25.9688,A5,-0.29,-0.075,0.21499999999999997
9222,7,5,RandomK,3,50,10,45,14,"Draw(CW,L2)",32268,1649.82,A5,1.23,1.315,0.08499999999999996
7881,2,15,RandomK,3,50,10,45,37,"Hit(CCW,2,MIDDLE)",129,14.8858,A5,-1.01,1.72,2.73
6406,1,10,RandomK,3,50,10,45,32,"Hit(CW,7,TOUCH)",15576,1054.54,A5,-0.85,-0.385,0.46499999999999997
8452,5,15,RandomK,3,50,10,45,88,"Hit(CW,10,STRONG)",153,27.1215,A5,1.35,1.935,0.585
1028,6,15,RandomK,3,50,10,45,1,"Draw(CCW,TEE)",151,27.9875,A5,1.0,1.0,0.0
2596,1,14,RandomK,3,50,10,45,35,"Hit(CCW,1,WEAK)",4405,688.684,A5,1.58,1.97,0.3899999999999999
4748,1,3,RandomK,3,50,10,45,35,"Hit(CCW,0,WEAK)",38660,2069.24,A5,0.88,0.985,0.10499999999999998
9206,3,13,RandomK,3,50,10,45,38,"Hit(CW,12,STRONG)",3220,245.622,A5,1.25,1.73,0.48
5859,1,6,RandomK,3,50,10,45,41,"Freeze(CCW,1)",29857,1937.55,A5,-0.425,-0.015,0.41
6871,4,5,RandomK,3,50,10,45,28,"PreGuard(CW,G4)",34101,2111.5,A5,0.655,1.32,0.665
7163,3,13,RandomK,3,50,10,45,69,"Hit(CCW,12,STRONG)",5932,521.503,A5,1.635,2.465,0.8299999999999998
5807,0,8,RandomK,3,50,10,45,70,"PostGuard(CW,4,1)",24231,1730.89,A5,-0.265,0.03,0.29500000000000004
5567,2,15,RandomK,3,50,10,45,2,"Draw(CW,S0)",129,19.9868,A5,1.735,1.93,0.19499999999999984
2507,3,11,RandomK,3,50,10,45,43,"Hit(CCW,4,STRONG)",14731,1327.55,A5,0.45,1.715,1.2650000000000001
7006,3,15,RandomK,3,50,10,45,2,"Draw(CW,S0)",145,28.8178,A5,-1.0,-0.97,0.030000000000000027
1984,6,4,RandomK,3,50,10,45,35,"Hit(CCW,1,WEAK)",36321,2079.21,A5,-0.705,-0.31,0.39499999999999996
1845,7,14,RandomK,3,50,10,45,48,"PostGuard(CW,12,0)",812,66.9608,A5,1.005,1.44,0.43500000000000005
5780,2,6,RandomK,3,50,10,45,38,"Hit(CW,5,STRONG)",28776,1606.23,A5,-0.575,-0.375,0.19999999999999996
8645,7,5,RandomK,3,50,10,45,50,"Freeze(CW,2)",33859,2112.61,A5,0.46,0.92,0.46
6132,0,13,RandomK,3,50,10,45,8,"Draw(CW,S6)",5352,574.66,A5,2.245,2.62,0.375
3339,4,10,RandomK,3,50,10,45,10,"Draw(CW,L0)",16060,1108.16,A5,-0.46,-0.305,0.15500000000000003
3566,6,14,RandomK,3,50,10,45,9,"Draw(CCW,S6)",3395,551.054,A5,0.92,1.01,0.08999999999999997
5523,3,9,RandomK,3,50,10,45,58,"Hit(CW,4,STRONG)",20570,1738.77,A5,0.455,0.74,0.285
7015,5,14,RandomK,3,50,10,45,11,"Draw(CCW,L0)",4042,666.763,A5,-1.135,-1.135,0.0
743,7,3,RandomK,3,50,10,45,6,"Draw(CW,S4)",39712,2183.76,A5,0.595,0.98,0.385
1014,4,15,RandomK,3,50,10,45,2,"Draw(CW,S0)",61,4.27435,A5,1.655,3.325,1.6700000000000002
3900,0,10,RandomK,3,50,10,45,6,"Draw(CW,S4)",14732,974.012,A5,-0.195,0.305,0.5
4543,6,5,RandomK,3,50,10,45,2,"Draw(CW,S0)",33456,2038.4,A5,0.64,1.09,0.45000000000000007
9231,5,14,RandomK,3,50,10,45,7,"Draw(CCW,S4)",1879,213.486,A5,1.805,2.025,0.21999999999999997
1825,5,7,RandomK,3,50,10,45,41,"Freeze(CCW,2)",26757,1816.05,A5,0.575,0.865,0.29000000000000004
4062,4,15,RandomK,3,50,10,45,58,"Hit(CW,6,STRONG)",117,13.772,A5,-1.565,-0.475,1.0899999999999999
9882,2,11,RandomK,3,50,10,45,64,"Hit(CW,8,WEAK)",15166,1522.67,A5,0.225,1.295,1.0699999999999998
2998,6,14,RandomK,3,50,10,45,57,"Hit(CCW,5,MIDDLE)",4104,703.355,A5,2.82,2.895,0.07500000000000018
1555,2,3,RandomK,3,50,10,45,2,"Draw(CW,S0)",39744,2179.15,A5,0.55,1.1,0.55
4372,4,14,RandomK,3,50,10,45,1,"Draw(CCW,TEE)",572,42.5064,A5,0.005,0.095,0.09
3732,7,7,RandomK,3,50,10,45,21,"Draw(CCW,L5)",25435,1360.05,A5,0.44,1.125,0.685
3858,5,5,RandomK,3,50,10,45,3,"Draw(CCW,S0)",33903,2197.95,A5,0.795,0.885,0.08999999999999997
1938,0,14,RandomK,3,50,10,45,56,"Hit(CW,13,MIDDLE)",1912,226.835,A5,-0.1,1.43,1.53
9112,3,9,RandomK,3,50,10,45,39,"Hit(CCW,2,STRONG)",18369,1281.29,A5,0.53,0.76,0.22999999999999998
4157,3,12,RandomK,3,50,10,45,45,"Hit(CCW,5,WEAK)",11952,1311.36,A5,-1.99,-0.705,1.2850000000000001
7373,1,11,RandomK,3,50,10,45,48,"Hit(CW,4,STRONG)",14614,1439.88,A5,1.015,1.175,0.16000000000000014
7173,4,15,RandomK,3,50,10,45,11,"Draw(CCW,L0)",151,36.1722,A5,1.81,2.0,0.18999999999999995
196,4,4,RandomK,3,50,10,45,34,"Hit(CW,3,WEAK)",36435,2007.48,A5,-0.59,-0.22,0.37
2630,2,14,RandomK,3,50,10,45,41,"Freeze(CCW,11)",885,68.192,A5,-1.355,-1.07,0.2849999999999999
5731,2,10,RandomK,3,50,10,45,5,"Draw(CCW,S2)",13777,778.036,A5,-1.13,-0.555,0.5749999999999998
9518,4,5,RandomK,3,50,10,45,47,"Hit(CCW,2,MIDDLE)",34174,2175.12,A5,0.62,0.985,0.365
8211,7,12,RandomK,3,50,10,45,66,"Hit(CW,11,MIDDLE)",8602,683.202,A5,-1.34,-0.815,0.5250000000000001
7977,6,14,RandomK,3,50,10,46,34,"Hit(CW,1,WEAK)",4142,658.116,A5,-2.045,-1.635,0.4099999999999999
3926,6,11,RandomK,3,50,10,46,79,"Hit(CCW,8,STRONG)",16780,1825.3,A5,-1.42,0.425,1.845
3883,1,14,RandomK,3,50,10,46,0,"Draw(CW,TEE)",383,26.1589,A5,-0.29,-0.075,0.21499999999999997
9222,7,5,RandomK,3,50,10,46,13,"Draw(CCW,L1)",31185,1605.62,A5,1.24,1.315,0.07499999999999996
7881,2,15,RandomK,3,50,10,46,87,"Hit(CCW,12,MIDDLE)",129,16.1962,A5,-0.705,1.72,2.425
6406,1,10,RandomK,3,50,10,46,46,"Hit(CW,9,MIDDLE)",14728,953.308,A5,-0.78,-0.385,0.395
8452,5,15,RandomK,3,50,10,46,6,"Draw(CW,S4)",153,28.4642,A5,1.395,1.935,0.54
1028,6,15,RandomK,3,50,10,46,1,"Draw(CCW,TEE)",151,27.3435,A5,1.0,1.0,0.0
2596,1,14,RandomK,3,50,10,46,45,"Hit(CCW,3,WEAK)",4474,690.402,A5,1.385,1.97,0.585
4748,1,3,RandomK,3,50,10,46,7,"Draw(CCW,S4)",39799,2122.71,A5,0.445,0.985,0.54
9206,3,13,RandomK,3,50,10,46,41,"Freeze(CCW,12)",3252,253.248,A5,-0.28,1.73,2.01
5859,1,6,RandomK,3,50,10,46,50,"Freeze(CW,5)",29894,1999.21,A5,-0.64,-0.015,0.625
6871,4,5,RandomK,3,50,10,46,66,"PostGuard(CW,5,1)",34032,2102.61,A5,0.71,1.32,0.6100000000000001
7163,3,13,RandomK,3,50,10,46,71,"Freeze(CCW,12)",5676,511.683,A5,1.05,2.465,1.4149999999999998
5807,0,8,RandomK,3,50,10,46,0,"Draw(CW,TEE)",24333,1830.31,A5,-0.275,0.03,0.30500000000000005
5567,2,15,RandomK,3,50,10,46,2,"Draw(CW,S0)",129,20.0941,A5,1.735,1.93,0.19499999999999984
2507,3,11,RandomK,3,50,10,46,62,"Hit(CW,8,STRONG)",14317,1244.69,A5,1.715,1.715,0.0
7006,3,15,RandomK,3,50,10,46,5,"Draw(CCW,S2)",145,29.7395,A5,-1.0,-0.97,0.030000000000000027
1984,6,4,RandomK,3,50,10,46,36,"Hit(CW,1,MIDDLE)",36836,2130.83,A5,-0.41,-0.31,0.09999999999999998
1845,7,14,RandomK,3,50,10,46,0,"Draw(CW,TEE)",735,59.6059,A5,0.75,1.44,0.69
5780,2,6,RandomK,3,50,10,46,14,"Draw(CW,L2)",29409,1652.07,A5,-1.085,-0.375,0.71
8645,7,5,RandomK,3,50,10,46,63,"PostGuard(CCW,3,2)",34293,2173.12,A5,0.195,0.92,0.7250000000000001
6132,0,13,RandomK,3,50,10,46,23,"Draw(CCW,L6)",7045,762.342,A5,2.315,2.62,0.30500000000000016
3339,4,10,RandomK,3,50,10,46,1,"Draw(CCW,TEE)",16720,1166.02,A5,-0.92,-0.305,0.615
3566,6,14,RandomK,3,50,10,46,51,"Freeze(CCW,5)",3240,576.492,A5,0.93,1.01,0.07999999999999996
5523,3,9,RandomK,3,50,10,46,57,"Hit(CCW,4,MIDDLE)",21485,1876.31,A5,0.605,0.74,0.135
7015,5,14,RandomK,3,50,10,46,48,"Hit(CW,3,STRONG)",4194,692.425,A5,-3.32,-1.135,2.1849999999999996
743,7,3,RandomK,3,50,10,46,16,"Draw(CW,L3)",40676,2300.73,A5,0.615,0.98,0.365
1014,4,15,RandomK,3,50,10,46,2,"Draw(CW,S0)",61,4.23684,A5,1.655,3.325,1.6700000000000002
3900,0,10,RandomK,3,50,10,46,41,"Freeze(CCW,9)",14565,970.466,A5,-0.77,0.305,1.075
4543,6,5,RandomK,3,50,10,46,44,"Hit(CW,2,WEAK)",33585,2104.92,A5,0.78,1.09,0.31000000000000005
9231,5,14,RandomK,3,50,10,46,10,"Draw(CW,L0)",2138,245.694,A5,1.14,2.025,0.885
1825,5,7,RandomK,3,50,10,46,38,"Hit(CW,2,STRONG)",26928,1786.6,A5,0.72,0.865,0.14500000000000002
4062,4,15,RandomK,3,50,10,46,35,"Hit(CCW,2,WEAK)",117,14.5553,A5,-1.275,-0.475,0.7999999999999999
9882,2,11,RandomK,3,50,10,46,53,"Hit(CCW,6,TOUCH)",15693,1612.37,A5,0.485,1.295,0.8099999999999999
2998,6,14,RandomK,3,50,10,46,69,"Hit(CCW,7,STRONG)",3937,674.097,A5,2.61,2.895,0.28500000000000014
1555,2,3,RandomK,3,50,10,46,43,"PostGuard(CCW,1,0)",39899,2207.89,A5,0.5,1.1,0.6000000000000001
4372,4,14,RandomK,3,50,10,46,28,"PreGuard(CW,G4)",619,46.6376,A5,-0.3,0.095,0.395
3732,7,7,RandomK,3,50,10,46,5,"Draw(CCW,S2)",25607,1354.66,A5,0.515,1.125,0.61
3858,5,5,RandomK,3,50,10,46,37,"Hit(CCW,0,MIDDLE)",34718,2247.36,A5,0.385,0.885,0.5
1938,0,14,RandomK,3,50,10,46,58,"Hit(CW,13,STRONG)",2057,249.543,A5,-0.01,1.43,1.44
9112,3,9,RandomK,3,50,10,46,3,"Draw(CCW,S0)",19520,1408.69,A5,-0.08,0.76,0.84
4157,3,12,RandomK,3,50,10,46,39,"Hit(CCW,3,STRONG)",10696,1189.67,A5,-1.83,-0.705,1.125
7373,1,11,RandomK,3,50,10,46,93,"PostGuard(CCW,9,1)",14584,1409.61,A5,0.715,1.175,0.4600000000000001
7173,4,15,RandomK,3,50,10,46,6,"Draw(CW,S4)",151,36.0317,A5,1.84,2.0,0.15999999999999992
196,4,4,RandomK,3,50,10,46,21,"Draw(CCW,L5)",36664,2063.76,A5,-0.9,-0.22,0.68
2630,2,14,RandomK,3,50,10,46,37,"Hit(CCW,11,MIDDLE)",816,67.8941,A5,-1.785,-1.07,0.7149999999999999
5731,2,10,RandomK,3,50,10,46,13,"Draw(CCW,L1)",13181,718.743,A5,-0.94,-0.555,0.3849999999999999
9518,4,5,RandomK,3,50,10,46,39,"Hit(CCW,0,STRONG)",34306,2186.91,A5,0.54,0.985,0.44499999999999995
8211,7,12,RandomK,3,50,10,46,68,"Hit(CW,11,STRONG)",9208,755.35,A5,-1.425,-0.815,0.6100000000000001
7977,6,14,ScoreScreen,3,50,10,42,48,"Hit(CW,3,STRONG)",3439,216.602,A7,-3.36,-1.635,1.7249999999999999
3926,6,11,ScoreScreen,3,50,10,42,39,"Hit(CCW,0,STRONG)",20374,930.204,A7,-1.615,0.425,2.04
3883,1,14,ScoreScreen,3,50,10,42,8,"Draw(CW,S6)",926,32.4057,A7,-0.635,-0.075,0.56
9222,7,5,ScoreScreen,3,50,10,42,5,"Draw(CCW,S2)",38007,1302.1,A7,1.125,1.315,0.18999999999999995
7881,2,15,ScoreScreen,3,50,10,42,84,"Hit(CW,12,WEAK)",129,10.0326,A7,0.285,1.72,1.435
6406,1,10,ScoreScreen,3,50,10,42,0,"Draw(CW,TEE)",18260,694.27,A7,-0.385,-0.385,0.0
8452,5,15,ScoreScreen,3,50,10,42,34,"Hit(CW,0,WEAK)",153,16.1267,A7,1.32,1.935,0.615
1028,6,15,ScoreScreen,3,50,10,42,0,"Draw(CW,TEE)",151,15.5235,A7,0.77,1.0,0.22999999999999998
2596,1,14,ScoreScreen,3,50,10,42,47,"Hit(CCW,3,MIDDLE)",3387,208.441,A7,1.555,1.97,0.41500000000000004
4748,1,3,ScoreScreen,3,50,10,42,17,"Draw(CCW,L3)",50067,1736.52,A7,0.755,0.985,0.22999999999999998
9206,3,13,ScoreScreen,3,50,10,42,35,"Hit(CCW,12,WEAK)",2853,110.964,A7,1.635,1.73,0.09499999999999997
5859,1,6,ScoreScreen,3,50,10,42,29,"PreGuard(CCW,G4)",39671,1490.88,A7,-0.64,-0.015,0.625
6871,4,5,ScoreScreen,3,50,10,42,21,"Draw(CCW,L5)",45919,1653.65,A7,0.71,1.32,0.6100000000000001
7163,3,13,ScoreScreen,3,50,10,42,65,"Hit(CCW,12,WEAK)",5363,248.567,A7,2.465,2.465,0.0
5807,0,8,ScoreScreen,3,50,10,42,45,"Hit(CCW,5,WEAK)",32279,1233.93,A7,-0.885,0.03,0.915
5567,2,15,ScoreScreen,3,50,10,42,0,"Draw(CW,TEE)",129,11.9746,A7,1.535,1.93,0.395
2507,3,11,ScoreScreen,3,50,10,42,40,"Hit(CW,4,MIDDLE)",18284,784.254,A7,1.665,1.715,0.050000000000000044
7006,3,15,ScoreScreen,3,50,10,42,0,"Draw(CW,TEE)",145,15.3209,A7,-1.0,-0.97,0.030000000000000027
1984,6,4,ScoreScreen,3,50,10,42,52,"PostGuard(CW,2,0)",47499,1697.53,A7,-0.835,-0.31,0.5249999999999999
1845,7,14,ScoreScreen,3,50,10,42,6,"Draw(CW,S4)",1360,49.3999,A7,0.49,1.44,0.95
5780,2,6,ScoreScreen,3,50,10,42,27,"PreGuard(CCW,G3)",36171,1261.04,A7,-0.755,-0.375,0.38
8645,7,5,ScoreScreen,3,50,10,42,24,"Draw(CW,L7)",46356,1717.1,A7,0.37,0.92,0.55
6132,0,13,ScoreScreen,3,50,10,42,7,"Draw(CCW,S4)",5919,306.755,A7,2.37,2.62,0.25
3339,4,10,ScoreScreen,3,50,10,42,30,"PreGuard(CW,G5)",20597,781.565,A7,-1.045,-0.305,0.74
3566,6,14,ScoreScreen,3,50,10,42,11,"Draw(CCW,L0)",3157,203.086,A7,1.01,1.01,0.0
5523,3,9,ScoreScreen,3,50,10,42,58,"Hit(CW,4,STRONG)",29620,1182.01,A7,0.455,0.74,0.285
7015,5,14,ScoreScreen,3,50,10,42,46,"Hit(CW,3,MIDDLE)",3554,231.4,A7,-3.285,-1.135,2.1500000000000004
743,7,3,ScoreScreen,3,50,10,42,25,"Draw(CCW,L7)",52018,1841.62,A7,0.46,0.98,0.52
1014,4,15,ScoreScreen,3,50,10,42,10,"Draw(CW,L0)",61,3.49656,A7,3.325,3.325,0.0
3900,0,10,ScoreScreen,3,50,10,42,34,"Hit(CW,9,WEAK)",17709,633.376,A7,-0.105,0.305,0.41
4543,6,5,ScoreScreen,3,50,10,42,60,"PostGuard(CW,3,1)",46586,1711.56,A7,0.345,1.09,0.7450000000000001
9231,5,14,ScoreScreen,3,50,10,42,42,"Hit(CW,5,TOUCH)",2397,119.739,A7,1.86,2.025,0.1649999999999998
1825,5,7,ScoreScreen,3,50,10,42,39,"Hit(CCW,2,STRONG)",36402,1350.9,A7,0.58,0.865,0.28500000000000003
4062,4,15,ScoreScreen,3,50,10,42,35,"Hit(CCW,2,WEAK)",117,9.58624,A7,-1.275,-0.475,0.7999999999999999
9882,2,11,ScoreScreen,3,50,10,42,0,"Draw(CW,TEE)",19656,922.642,A7,0.27,1.295,1.025
2998,6,14,ScoreScreen,3,50,10,42,38,"Hit(CW,1,STRONG)",3438,225.249,A7,2.555,2.895,0.33999999999999986
1555,2,3,ScoreScreen,3,50,10,42,8,"Draw(CW,S6)",52165,1822.86,A7,0.635,1.1,0.4650000000000001
4372,4,14,ScoreScreen,3,50,10,42,43,"PostGuard(CCW,12,0)",1143,40.767,A7,-0.255,0.095,0.35
3732,7,7,ScoreScreen,3,50,10,42,5,"Draw(CCW,S2)",31451,1060.1,A7,0.515,1.125,0.61
3858,5,5,ScoreScreen,3,50,10,42,60,"Freeze(CW,4)",47222,1843.41,A7,0.525,0.885,0.36
1938,0,14,ScoreScreen,3,50,10,42,46,"Hit(CW,11,MIDDLE)",2256,113.473,A7,-0.08,1.43,1.51
9112,3,9,ScoreScreen,3,50,10,42,53,"Hit(CCW,6,TOUCH)",25639,994.021,A7,-0.33,0.76,1.09
4157,3,12,ScoreScreen,3,50,10,42,39,"Hit(CCW,3,STRONG)",12098,552.879,A7,-1.83,-0.705,1.125
7373,1,11,ScoreScreen,3,50,10,42,45,"Hit(CCW,4,WEAK)",17652,747.969,A7,0.525,1.175,0.65
7173,4,15,ScoreScreen,3,50,10,42,0,"Draw(CW,TEE)",151,18.4565,A7,1.84,2.0,0.15999999999999992
196,4,4,ScoreScreen,3,50,10,42,37,"Hit(CCW,3,MIDDLE)",45865,1570.53,A7,-0.585,-0.22,0.365
2630,2,14,ScoreScreen,3,50,10,42,0,"Draw(CW,TEE)",1448,54.1343,A7,-1.075,-1.07,0.004999999999999893
5731,2,10,ScoreScreen,3,50,10,42,28,"PreGuard(CW,G4)",16731,567.667,A7,-1.205,-0.555,0.65
9518,4,5,ScoreScreen,3,50,10,42,33,"Hit(CCW,0,TOUCH)",46106,1701.44,A7,0.985,0.985,0.0
8211,7,12,ScoreScreen,3,50,10,42,17,"Draw(CCW,L3)",10385,435.944,A7,-2.585,-0.815,1.77
7977,6,14,ScoreScreen,3,50,10,43,46,"Hit(CW,3,MIDDLE)",3574,220.874,A7,-3.235,-1.635,1.5999999999999999
3926,6,11,ScoreScreen,3,50,10,43,77,"Hit(CCW,8,MIDDLE)",19552,894.508,A7,-1.16,0.425,1.585
3883,1,14,ScoreScreen,3,50,10,43,0,"Draw(CW,TEE)",918,32.1653,A7,-0.29,-0.075,0.21499999999999997
9222,7,5,ScoreScreen,3,50,10,43,14,"Draw(CW,L2)",38316,1283.47,A7,1.23,1.315,0.08499999999999996
7881,2,15,ScoreScreen,3,50,10,43,84,"Hit(CW,12,WEAK)",129,9.97782,A7,0.285,1.72,1.435
6406,1,10,ScoreScreen,3,50,10,43,26,"PreGuard(CW,G3)",18349,683.327,A7,-1.35,-0.385,0.9650000000000001
8452,5,15,ScoreScreen,3,50,10,43,34,"Hit(CW,0,WEAK)",153,15.5159,A7,1.32,1.935,0.615
1028,6,15,ScoreScreen,3,50,10,43,0,"Draw(CW,TEE)",151,16.3097,A7,0.77,1.0,0.22999999999999998
2596,1,14,ScoreScreen,3,50,10,43,47,"Hit(CCW,3,MIDDLE)",3477,223.759,A7,1.555,1.97,0.41500000000000004
4748,1,3,ScoreScreen,3,50,10,43,34,"Hit(CW,0,WEAK)",49724,1712.8,A7,0.71,0.985,0.275
9206,3,13,ScoreScreen,3,50,10,43,11,"Draw(CCW,L0)",3091,126.442,A7,1.66,1.73,0.07000000000000006
5859,1,6,ScoreScreen,3,50,10,43,13,"Draw(CCW,L1)",39627,1445.92,A7,-0.76,-0.015,0.745
6871,4,5,ScoreScreen,3,50,10,43,67,"PostGuard(CCW,5,1)",46540,1665.98,A7,0.85,1.32,0.4700000000000001
7163,3,13,ScoreScreen,3,50,10,43,11,"Draw(CCW,L0)",5485,257.169,A7,1.68,2.465,0.7849999999999999
5807,0,8,ScoreScreen,3,50,10,43,28,"PreGuard(CW,G4)",32795,1262.39,A7,-0.23,0.03,0.26
5567,2,15,ScoreScreen,3,50,10,43,0,"Draw(CW,TEE)",129,11.5516,A7,1.535,1.93,0.395
2507,3,11,ScoreScreen,3,50,10,43,42,"Hit(CW,4,STRONG)",18523,792.01,A7,1.4,1.715,0.31500000000000017
7006,3,15,ScoreScreen,3,50,10,43,0,"Draw(CW,TEE)",145,16.1187,A7,-1.0,-0.97,0.030000000000000027
1984,6,4,ScoreScreen,3,50,10,43,48,"Hit(CW,3,STRONG)",47735,1692.01,A7,-0.505,-0.31,0.195
1845,7,14,ScoreScreen,3,50,10,43,5,"Draw(CCW,S2)",1378,50.23,A7,-0.055,1.44,1.4949999999999999
5780,2,6,ScoreScreen,3,50,10,43,34,"Hit(CW,5,WEAK)",35874,1233.14,A7,-0.375,-0.375,0.0
8645,7,5,ScoreScreen,3,50,10,43,56,"PostGuard(CW,1,2)",46394,1717.86,A7,0.25,0.92,0.67
6132,0,13,ScoreScreen,3,50,10,43,26,"PreGuard(CW,G3)",5963,313.844,A7,2.225,2.62,0.395
3339,4,10,ScoreScreen,3,50,10,43,50,"Freeze(CW,9)",20355,771.518,A7,-0.305,-0.305,0.0
3566,6,14,ScoreScreen,3,50,10,43,71,"Freeze(CCW,9)",2977,209.42,A7,0.945,1.01,0.06500000000000006
5523,3,9,ScoreScreen,3,50,10,43,57,"Hit(CCW,4,MIDDLE)",29904,1214.66,A7,0.605,0.74,0.135
7015,5,14,ScoreScreen,3,50,10,43,11,"Draw(CCW,L0)",3471,233.114,A7,-1.135,-1.135,0.0
743,7,3,ScoreScreen,3,50,10,43,38,"Hit(CW,0,STRONG)",51170,1765.0,A7,0.76,0.98,0.21999999999999997
1014,4,15,ScoreScreen,3,50,10,43,10,"Draw(CW,L0)",61,3.48838,A7,3.325,3.325,0.0
3900,0,10,ScoreScreen,3,50,10,43,37,"Hit(CCW,9,MIDDLE)",17498,630.797,A7,-0.52,0.305,0.825
4543,6,5,ScoreScreen,3,50,10,43,1,"Draw(CCW,TEE)",46491,1698.18,A7,0.775,1.09,0.31500000000000006
9231,5,14,ScoreScreen,3,50,10,43,50,"Freeze(CW,5)",2586,131.939,A7,1.61,2.025,0.4149999999999998
1825,5,7,ScoreScreen,3,50,10,43,2,"Draw(CW,S0)",36391,1363.68,A7,0.43,0.865,0.435
4062,4,15,ScoreScreen,3,50,10,43,35,"Hit(CCW,2,WEAK)",117,9.40376,A7,-1.275,-0.475,0.7999999999999999
9882,2,11,ScoreScreen,3,50,10,43,2,"Draw(CW,S0)",19485,906.865,A7,0.635,1.295,0.6599999999999999
2998,6,14,ScoreScreen,3,50,10,43,59,"Hit(CCW,5,STRONG)",3322,219.648,A7,2.895,2.895,0.0
1555,2,3,ScoreScreen,3,50,10,43,50,"PostGuard(CW,3,1)",52137,1822.9,A7,0.39,1.1,0.7100000000000001
4372,4,14,ScoreScreen,3,50,10,43,0,"Draw(CW,TEE)",1226,42.3901,A7,0.005,0.095,0.09
3732,7,7,ScoreScreen,3,50,10,43,19,"Draw(CCW,L4)",31060,1048.17,A7,0.995,1.125,0.13
3858,5,5,ScoreScreen,3,50,10,43,35,"Hit(CCW,0,WEAK)",47217,1758.89,A7,0.545,0.885,0.33999999999999997
1938,0,14,ScoreScreen,3,50,10,43,46,"Hit(CW,11,MIDDLE)",2076,110.712,A7,-0.08,1.43,1.51
9112,3,9,ScoreScreen,3,50,10,43,27,"PreGuard(CCW,G3)",25637,990.364,A7,-0.445,0.76,1.205
4157,3,12,ScoreScreen,3,50,10,43,11,"Draw(CCW,L0)",13499,667.997,A7,-1.71,-0.705,1.005
7373,1,11,ScoreScreen,3,50,10,43,66,"Hit(CW,8,MIDDLE)",17533,766.196,A7,0.865,1.175,0.31000000000000005
7173,4,15,ScoreScreen,3,50,10,43,0,"Draw(CW,TEE)",151,18.6281,A7,1.84,2.0,0.15999999999999992
196,4,4,ScoreScreen,3,50,10,43,18,"Draw(CW,L4)",45580,1558.6,A7,-0.54,-0.22,0.32000000000000006
2630,2,14,ScoreScreen,3,50,10,43,6,"Draw(CW,S4)",1340,50.8965,A7,-1.21,-1.07,0.1399999999999999
5731,2,10,ScoreScreen,3,50,10,43,33,"Hit(CCW,9,TOUCH)",16836,569.684,A7,-1.2,-0.555,0.6449999999999999
9518,4,5,ScoreScreen,3,50,10,43,37,"Hit(CCW,0,MIDDLE)",46475,1662.37,A7,0.605,0.985,0.38
8211,7,12,ScoreScreen,3,50,10,43,6,"Draw(CW,S4)",10648,437.597,A7,-1.225,-0.815,0.41000000000000014
7977,6,14,ScoreScreen,3,50,10,44,48,"Hit(CW,3,STRONG)",3457,215.868,A7,-3.36,-1.635,1.7249999999999999
3926,6,11,ScoreScreen,3,50,10,44,69,"Hit(CCW,6,STRONG)",19290,879.737,A7,-0.42,0.425,0.845
3883,1,14,ScoreScreen,3,50,10,44,1,"Draw(CCW,TEE)",937,32.7424,A7,-0.075,-0.075,0.0
9222,7,5,ScoreScreen,3,50,10,44,14,"Draw(CW,L2)",38451,1297.59,A7,1.23,1.315,0.08499999999999996
7881,2,15,ScoreScreen,3,50,10,44,84,"Hit(CW,12,WEAK)",129,10.389,A7,0.285,1.72,1.435
6406,1,10,ScoreScreen,3,50,10,44,6,"Draw(CW,S4)",18417,669.819,A7,-0.435,-0.385,0.04999999999999999
8452,5,15,ScoreScreen,3,50,10,44,34,"Hit(CW,0,WEAK)",153,15.2332,A7,1.32,1.935,0.615
1028,6,15,ScoreScreen,3,50,10,44,0,"Draw(CW,TEE)",151,16.2272,A7,0.77,1.0,0.22999999999999998
2596,1,14,ScoreScreen,3,50,10,44,86,"Hit(CW,11,MIDDLE)",3451,214.051,A7,0.65,1.97,1.3199999999999998
4748,1,3,ScoreScreen,3,50,10,44,16,"Draw(CW,L3)",49656,1739.77,A7,0.885,0.985,0.09999999999999998
9206,3,13,ScoreScreen,3,50,10,44,11,"Draw(CCW,L0)",3008,122.593,A7,1.66,1.73,0.07000000000000006
5859,1,6,ScoreScreen,3,50,10,44,19,"Draw(CCW,L4)",39524,1467.73,A7,-0.55,-0.015,0.535
6871,4,5,ScoreScreen,3,50,10,44,8,"Draw(CW,S6)",45972,1667.86,A7,0.82,1.32,0.5000000000000001
7163,3,13,ScoreScreen,3,50,10,44,11,"Draw(CCW,L0)",5449,256.946,A7,1.68,2.465,0.7849999999999999
5807,0,8,ScoreScreen,3,50,10,44,38,"Hit(CW,3,STRONG)",32217,1235.11,A7,0.03,0.03,0.0
5567,2,15,ScoreScreen,3,50,10,44,0,"Draw(CW,TEE)",129,12.5171,A7,1.535,1.93,0.395
2507,3,11,ScoreScreen,3,50,10,44,1,"Draw(CCW,TEE)",19247,868.22,A7,0.725,1.715,0.9900000000000001
7006,3,15,ScoreScreen,3,50,10,44,0,"Draw(CW,TEE)",145,16.2391,A7,-1.0,-0.97,0.030000000000000027
1984,6,4,ScoreScreen,3,50,10,44,21,"Draw(CCW,L5)",48187,1722.33,A7,-0.505,-0.31,0.195
1845,7,14,ScoreScreen,3,50,10,44,6,"Draw(CW,S4)",1459,52.6685,A7,0.49,1.44,0.95
5780,2,6,ScoreScreen,3,50,10,44,8,"Draw(CW,S6)",36037,1280.47,A7,-0.995,-0.375,0.62
8645,7,5,ScoreScreen,3,50,10,44,47,"Hit(CCW,2,MIDDLE)",45581,1617.9,A7,0.685,0.92,0.235
6132,0,13,ScoreScreen,3,50,10,44,4,"Draw(CW,S2)",5901,305.732,A7,2.345,2.62,0.2749999999999999
3339,4,10,ScoreScreen,3,50,10,44,33,"Hit(CCW,7,TOUCH)",19929,766.36,A7,-0.84,-0.305,0.5349999999999999
3566,6,14,ScoreScreen,3,50,10,44,56,"Hit(CW,7,MIDDLE)",3077,203.319,A7,0.34,1.01,0.6699999999999999
5523,3,9,ScoreScreen,3,50,10,44,12,"Draw(CW,L1)",30750,1332.11,A7,-0.3,0.74,1.04
7015,5,14,ScoreScreen,3,50,10,44,46,"Hit(CW,3,MIDDLE)",3437,218.614,A7,-3.285,-1.135,2.1500000000000004
743,7,3,ScoreScreen,3,50,10,44,9,"Draw(CCW,S6)",52062,1869.98,A7,0.64,0.98,0.33999999999999997
1014,4,15,ScoreScreen,3,50,10,44,10,"Draw(CW,L0)",61,3.48387,A7,3.325,3.325,0.0
3900,0,10,ScoreScreen,3,50,10,44,10,"Draw(CW,L0)",18233,642.334,A7,-0.505,0.305,0.81
4543,6,5,ScoreScreen,3,50,10,44,23,"Draw(CCW,L6)",46184,1709.34,A7,0.3,1.09,0.79
9231,5,14,ScoreScreen,3,50,10,44,2,"Draw(CW,S0)",2352,121.175,A7,1.665,2.025,0.3599999999999999
1825,5,7,ScoreScreen,3,50,10,44,68,"PostGuard(CW,5,2)",36539,1360.4,A7,0.38,0.865,0.485
4062,4,15,ScoreScreen,3,50,10,44,35,"Hit(CCW,2,WEAK)",117,9.38453,A7,-1.275,-0.475,0.7999999999999999
9882,2,11,ScoreScreen,3,50,10,44,46,"Hit(CW,4,MIDDLE)",19095,861.536,A7,1.295,1.295,0.0
2998,6,14,ScoreScreen,3,50,10,44,57,"Hit(CCW,5,MIDDLE)",3475,229.546,A7,2.82,2.895,0.07500000000000018
1555,2,3,ScoreScreen,3,50,10,44,24,"Draw(CW,L7)",51517,1814.63,A7,0.6,1.1,0.5000000000000001
4372,4,14,ScoreScreen,3,50,10,44,19,"Draw(CCW,L4)",1144,40.6682,A7,0.02,0.095,0.075
3732,7,7,ScoreScreen,3,50,10,44,34,"Hit(CW,4,WEAK)",31036,1039.42,A7,1.125,1.125,0.0
3858,5,5,ScoreScreen,3,50,10,44,55,"Hit(CCW,4,WEAK)",46942,1764.5,A7,0.825,0.885,0.06000000000000005
1938,0,14,ScoreScreen,3,50,10,44,48,"Hit(CW,11,STRONG)",2121,111.003,A7,-0.045,1.43,1.4749999999999999
9112,3,9,ScoreScreen,3,50,10,44,15,"Draw(CCW,L2)",26097,1024.93,A7,-0.26,0.76,1.02
4157,3,12,ScoreScreen,3,50,10,44,94,"PostGuard(CW,8,0)",13275,656.63,A7,-1.745,-0.705,1.04
7373,1,11,ScoreScreen,3,50,10,44,1,"Draw(CCW,TEE)",18565,829.091,A7,1.055,1.175,0.1200000000000001
7173,4,15,ScoreScreen,3,50,10,44,0,"Draw(CW,TEE)",151,19.7219,A7,1.84,2.0,0.15999999999999992
196,4,4,ScoreScreen,3,50,10,44,32,"Hit(CW,3,TOUCH)",45794,1573.66,A7,-0.7,-0.22,0.48
2630,2,14,ScoreScreen,3,50,10,44,33,"Hit(CCW,11,TOUCH)",1385,53.0902,A7,-1.445,-1.07,0.375
5731,2,10,ScoreScreen,3,50,10,44,1,"Draw(CCW,TEE)",16229,557.771,A7,-0.87,-0.555,0.31499999999999995
9518,4,5,ScoreScreen,3,50,10,44,38,"Hit(CW,0,STRONG)",46271,1686.04,A7,0.56,0.985,0.42499999999999993
8211,7,12,ScoreScreen,3,50,10,44,2,"Draw(CW,S0)",10275,433.722,A7,-1.155,-0.815,0.3400000000000001
7977,6,14,ScoreScreen,3,50,10,45,46,"Hit(CW,3,MIDDLE)",3439,213.396,A7,-3.235,-1.635,1.5999999999999999
3926,6,11,ScoreScreen,3,50,10,45,66,"Hit(CW,6,MIDDLE)",19945,918.259,A7,0.18,0.425,0.245
3883,1,14,ScoreScreen,3,50,10,45,0,"Draw(CW,TEE)",982,33.7696,A7,-0.29,-0.075,0.21499999999999997
9222,7,5,ScoreScreen,3,50,10,45,9,"Draw(CCW,S6)",38388,1293.63,A7,0.995,1.315,0.31999999999999995
7881,2,15,ScoreScreen,3,50,10,45,84,"Hit(CW,12,WEAK)",129,10.1762,A7,0.285,1.72,1.435
6406,1,10,ScoreScreen,3,50,10,45,10,"Draw(CW,L0)",18555,678.406,A7,-1.015,-0.385,0.6299999999999999
8452,5,15,ScoreScreen,3,50,10,45,34,"Hit(CW,0,WEAK)",153,16.3191,A7,1.32,1.935,0.615
1028,6,15,ScoreScreen,3,50,10,45,0,"Draw(CW,TEE)",151,14.7825,A7,0.77,1.0,0.22999999999999998
2596,1,14,ScoreScreen,3,50,10,45,86,"Hit(CW,11,MIDDLE)",3460,222.216,A7,0.65,1.97,1.3199999999999998
4748,1,3,ScoreScreen,3,50,10,45,4,"Draw(CW,S2)",49476,1737.03,A7,0.495,0.985,0.49
9206,3,13,ScoreScreen,3,50,10,45,39,"Hit(CCW,12,STRONG)",2894,112.775,A7,1.23,1.73,0.5
5859,1,6,ScoreScreen,3,50,10,45,16,"Draw(CW,L3)",39554,1461.33,A7,-0.48,-0.015,0.46499999999999997
6871,4,5,ScoreScreen,3,50,10,45,43,"Hit(CCW,2,TOUCH)",45846,1666.45,A7,0.645,1.32,0.675
7163,3,13,ScoreScreen,3,50,10,45,55,"Hit(CCW,10,WEAK)",5300,242.931,A7,0.67,2.465,1.795
5807,0,8,ScoreScreen,3,50,10,45,9,"Draw(CCW,S6)",32848,1272.53,A7,-0.38,0.03,0.41000000000000003
5567,2,15,ScoreScreen,3,50,10,45,0,"Draw(CW,TEE)",129,11.4735,A7,1.535,1.93,0.395
2507,3,11,ScoreScreen,3,50,10,45,59,"Hit(CCW,8,WEAK)",18766,788.073,A7,0.96,1.715,0.7550000000000001
7006,3,15,ScoreScreen,3,50,10,45,0,"Draw(CW,TEE)",145,15.9135,A7,-1.0,-0.97,0.030000000000000027
1984,6,4,ScoreScreen,3,50,10,45,40,"Freeze(CW,1)",48150,1741.69,A7,-0.63,-0.31,0.32
1845,7,14,ScoreScreen,3,50,10,45,43,"PostGuard(CCW,10,0)",1333,49.4533,A7,0.695,1.44,0.745
5780,2,6,ScoreScreen,3,50,10,45,46,"PostGuard(CW,0,2)",35863,1245.49,A7,-0.85,-0.375,0.475
8645,7,5,ScoreScreen,3,50,10,45,2,"Draw(CW,S0)",45681,1682.48,A7,0.8,0.92,0.12
6132,0,13,ScoreScreen,3,50,10,45,3,"Draw(CCW,S0)",5728,296.662,A7,2.105,2.62,0.5150000000000001
3339,4,10,ScoreScreen,3,50,10,45,61,"PostGuard(CCW,6,1)",20209,771.523,A7,-0.92,-0.305,0.615
3566,6,14,ScoreScreen,3,50,10,45,53,"Hit(CCW,7,TOUCH)",2896,203.27,A7,0.98,1.01,0.030000000000000027
5523,3,9,ScoreScreen,3,50,10,45,47,"Hit(CCW,2,MIDDLE)",29477,1251.35,A7,0.13,0.74,0.61
7015,5,14,ScoreScreen,3,50,10,45,48,"Hit(CW,3,STRONG)",3509,227.152,A7,-3.32,-1.135,2.1849999999999996
743,7,3,ScoreScreen,3,50,10,45,54,Pass,51623,1814.51,A7,0.415,0.98,0.565
1014,4,15,ScoreScreen,3,50,10,45,10,"Draw(CW,L0)",61,3.48249,A7,3.325,3.325,0.0
3900,0,10,ScoreScreen,3,50,10,45,38,"Hit(CW,9,STRONG)",17521,634.337,A7,-0.275,0.305,0.5800000000000001
4543,6,5,ScoreScreen,3,50,10,45,48,"Hit(CW,2,STRONG)",45492,1593.43,A7,0.785,1.09,0.30500000000000005
9231,5,14,ScoreScreen,3,50,10,45,2,"Draw(CW,S0)",2316,119.561,A7,1.665,2.025,0.3599999999999999
1825,5,7,ScoreScreen,3,50,10,45,66,"PostGuard(CW,5,1)",36497,1387.76,A7,0.485,0.865,0.38
4062,4,15,ScoreScreen,3,50,10,45,35,"Hit(CCW,2,WEAK)",117,9.56847,A7,-1.275,-0.475,0.7999999999999999
9882,2,11,ScoreScreen,3,50,10,45,64,"Hit(CW,8,WEAK)",19209,877.424,A7,0.225,1.295,1.0699999999999998
2998,6,14,ScoreScreen,3,50,10,45,54,"Hit(CW,5,WEAK)",3491,229.79,A7,2.55,2.895,0.3450000000000002
1555,2,3,ScoreScreen,3,50,10,45,8,"Draw(CW,S6)",51067,1788.58,A7,0.635,1.1,0.4650000000000001
4372,4,14,ScoreScreen,3,50,10,45,9,"Draw(CCW,S6)",1128,40.4119,A7,-0.355,0.095,0.44999999999999996
3732,7,7,ScoreScreen,3,50,10,45,34,"Hit(CW,4,WEAK)",31490,1049.41,A7,1.125,1.125,0.0
3858,5,5,ScoreScreen,3,50,10,45,72,"PostGuard(CW,3,2)",46827,1780.64,A7,0.235,0.885,0.65
1938,0,14,ScoreScreen,3,50,10,45,48,"Hit(CW,11,STRONG)",2085,106.636,A7,-0.045,1.43,1.4749999999999999
9112,3,9,ScoreScreen,3,50,10,45,35,"Hit(CCW,2,WEAK)",25211,926.828,A7,0.385,0.76,0.375
4157,3,12,ScoreScreen,3,50,10,45,34,"Hit(CW,3,WEAK)",13035,626.552,A7,-1.14,-0.705,0.43499999999999994
7373,1,11,ScoreScreen,3,50,10,45,36,"Hit(CW,2,MIDDLE)",18154,780.661,A7,0.335,1.175,0.8400000000000001
7173,4,15,ScoreScreen,3,50,10,45,0,"Draw(CW,TEE)",151,19.2719,A7,1.84,2.0,0.15999999999999992
196,4,4,ScoreScreen,3,50,10,45,0,"Draw(CW,TEE)",45426,1602.58,A7,-0.62,-0.22,0.4
2630,2,14,ScoreScreen,3,50,10,45,2,"Draw(CW,S0)",1376,52.177,A7,-1.315,-1.07,0.24499999999999988
5731,2,10,ScoreScreen,3,50,10,45,16,"Draw(CW,L3)",16313,554.897,A7,-1.1,-0.555,0.545
9518,4,5,ScoreScreen,3,50,10,45,20,"Draw(CW,L5)",46005,1708.39,A7,0.38,0.985,0.605
8211,7,12,ScoreScreen,3,50,10,45,5,"Draw(CCW,S2)",10506,435.346,A7,-2.355,-0.815,1.54
7977,6,14,ScoreScreen,3,50,10,46,55,"Hit(CCW,5,WEAK)",3315,210.092,A7,-2.335,-1.635,0.7
3926,6,11,ScoreScreen,3,50,10,46,69,"Hit(CCW,6,STRONG)",19465,880.188,A7,-0.42,0.425,0.845
3883,1,14,ScoreScreen,3,50,10,46,1,"Draw(CCW,TEE)",945,33.0189,A7,-0.075,-0.075,0.0
9222,7,5,ScoreScreen,3,50,10,46,25,"Draw(CCW,L7)",37387,1257.02,A7,0.9,1.315,0.4149999999999999
7881,2,15,ScoreScreen,3,50,10,46,84,"Hit(CW,12,WEAK)",129,10.3063,A7,0.285,1.72,1.435
6406,1,10,ScoreScreen,3,50,10,46,48,"Hit(CW,9,STRONG)",18034,658.09,A7,-0.655,-0.385,0.27
8452,5,15,ScoreScreen,3,50,10,46,34,"Hit(CW,0,WEAK)",153,15.4293,A7,1.32,1.935,0.615
1028,6,15,ScoreScreen,3,50,10,46,0,"Draw(CW,TEE)",151,15.8357,A7,0.77,1.0,0.22999999999999998
2596,1,14,ScoreScreen,3,50,10,46,35,"Hit(CCW,1,WEAK)",3473,218.81,A7,1.58,1.97,0.3899999999999999
4748,1,3,ScoreScreen,3,50,10,46,38,"Hit(CW,0,STRONG)",50882,1750.25,A7,0.89,0.985,0.09499999999999997
9206,3,13,ScoreScreen,3,50,10,46,35,"Hit(CCW,12,WEAK)",2944,113.751,A7,1.635,1.73,0.09499999999999997
5859,1,6,ScoreScreen,3,50,10,46,9,"Draw(CCW,S6)",39674,1466.85,A7,-0.385,-0.015,0.37
6871,4,5,ScoreScreen,3,50,10,46,12,"Draw(CW,L1)",45747,1671.85,A7,0.535,1.32,0.785
7163,3,13,ScoreScreen,3,50,10,46,11,"Draw(CCW,L0)",5675,266.65,A7,1.68,2.465,0.7849999999999999
5807,0,8,ScoreScreen,3,50,10,46,36,"Hit(CW,3,MIDDLE)",32330,1233.06,A7,-0.115,0.03,0.14500000000000002
5567,2,15,ScoreScreen,3,50,10,46,0,"Draw(CW,TEE)",129,12.0353,A7,1.535,1.93,0.395
2507,3,11,ScoreScreen,3,50,10,46,39,"Hit(CCW,4,WEAK)",18547,796.894,A7,1.66,1.715,0.05500000000000016
7006,3,15,ScoreScreen,3,50,10,46,0,"Draw(CW,TEE)",145,16.1482,A7,-1.0,-0.97,0.030000000000000027
1984,6,4,ScoreScreen,3,50,10,46,49,"Hit(CCW,3,STRONG)",47853,1675.94,A7,-0.575,-0.31,0.26499999999999996
1845,7,14,ScoreScreen,3,50,10,46,19,"Draw(CCW,L4)",1342,48.9041,A7,1.255,1.44,0.18500000000000005
5780,2,6,ScoreScreen,3,50,10,46,18,"Draw(CW,L4)",36593,1260.35,A7,-1.0,-0.375,0.625
8645,7,5,ScoreScreen,3,50,10,46,52,"PostGuard(CW,1,0)",46626,1750.77,A7,0.82,0.92,0.10000000000000009
6132,0,13,ScoreScreen,3,50,10,46,12,"Draw(CW,L1)",6064,310.66,A7,2.26,2.62,0.3600000000000003
3339,4,10,ScoreScreen,3,50,10,46,41,"Freeze(CCW,7)",20364,783.302,A7,-0.755,-0.305,0.45
3566,6,14,ScoreScreen,3,50,10,46,43,"Hit(CCW,5,TOUCH)",3157,205.197,A7,0.975,1.01,0.03500000000000003
5523,3,9,ScoreScreen,3,50,10,46,72,"PostGuard(CW,1,0)",30137,1282.29,A7,0.07,0.74,0.6699999999999999
7015,5,14,ScoreScreen,3,50,10,46,59,"Hit(CCW,5,STRONG)",3464,224.749,A7,-1.89,-1.135,0.7549999999999999
743,7,3,ScoreScreen,3,50,10,46,11,"Draw(CCW,L0)",52340,1851.13,A7,0.565,0.98,0.41500000000000004
1014,4,15,ScoreScreen,3,50,10,46,10,"Draw(CW,L0)",61,3.49475,A7,3.325,3.325,0.0
3900,0,10,ScoreScreen,3,50,10,46,36,"Hit(CW,9,MIDDLE)",17480,634.226,A7,-0.54,0.305,0.845
4543,6,5,ScoreScreen,3,50,10,46,18,"Draw(CW,L4)",45154,1659.11,A7,0.345,1.09,0.7450000000000001
9231,5,14,ScoreScreen,3,50,10,46,42,"Hit(CW,5,TOUCH)",2469,121.952,A7,1.86,2.025,0.1649999999999998
1825,5,7,ScoreScreen,3,50,10,46,12,"Draw(CW,L1)",36371,1373.8,A7,0.225,0.865,0.64
4062,4,15,ScoreScreen,3,50,10,46,35,"Hit(CCW,2,WEAK)",117,9.26684,A7,-1.275,-0.475,0.7999999999999999
9882,2,11,ScoreScreen,3,50,10,46,46,"Hit(CW,4,MIDDLE)",18972,866.546,A7,1.295,1.295,0.0
2998,6,14,ScoreScreen,3,50,10,46,59,"Hit(CCW,5,STRONG)",3394,233.479,A7,2.895,2.895,0.0
1555,2,3,ScoreScreen,3,50,10,46,6,"Draw(CW,S4)",51634,1809.88,A7,0.625,1.1,0.4750000000000001
4372,4,14,ScoreScreen,3,50,10,46,19,"Draw(CCW,L4)",1157,41.5097,A7,0.02,0.095,0.075
3732,7,7,ScoreScreen,3,50,10,46,39,"Hit(CCW,4,STRONG)",31976,1064.51,A7,0.495,1.125,0.63
3858,5,5,ScoreScreen,3,50,10,46,9,"Draw(CCW,S6)",47231,1804.07,A7,0.36,0.885,0.525
1938,0,14,ScoreScreen,3,50,10,46,46,"Hit(CW,11,MIDDLE)",2256,119.436,A7,-0.08,1.43,1.51
9112,3,9,ScoreScreen,3,50,10,46,59,"Hit(CCW,6,STRONG)",25427,940.888,A7,0.305,0.76,0.455
4157,3,12,ScoreScreen,3,50,10,46,62,"Hit(CW,9,TOUCH)",13399,657.208,A7,-1.82,-0.705,1.1150000000000002
7373,1,11,ScoreScreen,3,50,10,46,33,"Hit(CCW,2,TOUCH)",18721,828.594,A7,1.09,1.175,0.08499999999999996
7173,4,15,ScoreScreen,3,50,10,46,0,"Draw(CW,TEE)",151,19.6089,A7,1.84,2.0,0.15999999999999992
196,4,4,ScoreScreen,3,50,10,46,11,"Draw(CCW,L0)",45618,1595.29,A7,-0.725,-0.22,0.505
2630,2,14,ScoreScreen,3,50,10,46,34,"Hit(CW,11,WEAK)",1451,54.6199,A7,-1.285,-1.07,0.21499999999999986
5731,2,10,ScoreScreen,3,50,10,46,38,"Hit(CW,9,STRONG)",15743,532.138,A7,-0.59,-0.555,0.03499999999999992
9518,4,5,ScoreScreen,3,50,10,46,39,"Hit(CCW,0,STRONG)",46558,1673.57,A7,0.54,0.985,0.44499999999999995
8211,7,12,ScoreScreen,3,50,10,46,71,"Freeze(CCW,11)",10523,436.751,A7,-1.495,-0.815,0.6800000000000002
