target,feature,n,rho,p
d_A2_A1,md_screen_loss,50,0.4782531698318893,0.00044340327376184824
d_A2_A1,best_cluster_selected,50,0.3972975532474573,0.004278231056097169
d_A2_A1,true_top_cluster_selected,50,0.37131686386746854,0.007934332512269904
d_A2_A1,between_range_q,50,-0.34924176423761377,0.012923323198363068
d_A2_A1,best_cluster_size,50,0.3188946531048624,0.023996783558236326
d_A2_A1,best_cluster_rank,50,-0.2209283079333671,0.12312036188535969
d_A2_A1,n_front_house,50,-0.18749247302713581,0.1922891326248588
d_A2_A1,n_within_1.22,50,-0.17662790020311622,0.21981016761995673
d_A2_A1,n_stones,50,-0.17335114775421503,0.22862259700547433
d_A2_A1,n_cand,50,-0.1732216040542861,0.22897592253036245
d_A2_A1,n_cand_ct,50,-0.1732216040542861,0.22897592253036245
d_A2_A1,house_mean_nn_dist,47,0.17141556007056813,0.24929104939938385
d_A2_A1,y_spread,48,-0.17112435564729403,0.24485586679805918
d_A2_A1,K_clusters,50,-0.17052320426810366,0.23642138615575684
d_A2_A1,n_my_house,50,-0.16804415268647024,0.2434062273814705
d_A2_A1,n_house,50,-0.16668028158171727,0.24730827736349473
d_A2_A1,house_density,50,-0.16668028158171727,0.24730827736349473
d_A2_A1,frac_draw,50,0.1663735539872766,0.24819163720898202
d_A2_A1,n_op,50,-0.1654099603475497,0.25098063290918404
d_A2_A1,q_iqr,50,-0.16463863769597167,0.25322833097305486
d_A2_A1,n_op_house,50,-0.16330253171062456,0.25715389521197524
d_A2_A1,n_my,50,-0.16244611190433572,0.25969150560008175
d_A2_A1,best_is_rep,50,-0.15945531512992972,0.2686847411141121
d_A2_A1,counting_op,50,-0.15637512511292287,0.2781607784945962
d_A2_A1,topk_overlap_l0.5,50,-0.15449312513841035,0.2840577540451239
d_A2_A1,frac_guard,50,-0.1468058648450882,0.3089900105008098
d_A2_A1,mean_cluster_size,50,-0.14562225176816884,0.3129495747840381
d_A2_A1,md_rep_q_max,50,-0.14138024996308532,0.32740484682150084
d_A2_A1,frac_hit,50,-0.13658825376591596,0.34423063765830986
d_A2_A1,n_near_best_025,50,0.12276918284541263,0.3956743599338404
d_A2_A1,rho_cand_risk_l0.5,49,-0.12107754100670509,0.40726379032773713
d_A2_A1,mean_nn_dist,48,0.11556873573892854,0.43409462279960576
d_A2_A1,min_pair_dist,48,0.11404666396061715,0.44021277249793545
d_A2_A1,best_type_margin,50,-0.11157876550533602,0.4404468020693366
d_A2_A1,n_types,50,-0.10823925960712774,0.45433282067601083
d_A2_A1,q_sd_mean,50,-0.09948559288320907,0.4918402269530177
d_A2_A1,house_diff,50,-0.09913411780256479,0.4933790568457775
d_A2_A1,best_hist_entropy,50,-0.09410245526821012,0.5156795187949876
d_A2_A1,q_sd_median,50,-0.08840444835170219,0.541530557024185
d_A2_A1,n_back_house,50,-0.08512004334106675,0.5567105919339211
d_A2_A1,score_now,50,0.08454348134686185,0.5593959446002561
d_A2_A1,n_within_0.61,50,-0.07789720561991724,0.5907821900695299
d_A2_A1,type_purity,50,-0.07757982562545734,0.5923003947283839
d_A2_A1,no1_no2_gap,47,0.063006800458371,0.6739450361162341
d_A2_A1,rho_cluster_risk_l0.5,49,0.05912400643275956,0.6865530223623224
d_A2_A1,best_p_ge2,50,0.05859151956629105,0.6860853603762584
d_A2_A1,size_entropy_norm,50,0.058376660088095576,0.6871773771939645
d_A2_A1,n_singleton,50,-0.057217802424889885,0.6930780900496742
d_A2_A1,q_gap12,50,0.05362771579193116,0.7114716148734491
d_A2_A1,cluster_sd_mean,50,-0.05207486568028778,0.7194789203330969
d_A2_A1,q_range,50,-0.052030529610650925,0.7197079833290213
d_A2_A1,rho_cand,49,-0.051576683431789186,0.7248750737510808
d_A2_A1,q_star,50,0.05111441489530269,0.7244465326147073
d_A2_A1,qadj_star_l0.5,50,0.039381661146992375,0.7859815849590048
d_A2_A1,rho_gain_sd,49,-0.03917257462114744,0.7892906856085335
d_A2_A1,q_2nd,50,0.037555330748601845,0.7956885408460139
d_A2_A1,remaining,50,-0.035176425361181235,0.8083782875949463
d_A2_A1,x_spread,48,0.03272454323369472,0.8252442577999755
d_A2_A1,largest_frac,50,0.030015887669781357,0.836070259832055
d_A2_A1,counting_my,50,-0.02643378092938109,0.855410704796783
d_A2_A1,q_mean,50,-0.024090034816088804,0.868111429461884
d_A2_A1,no1_mine,50,-0.020981337695829473,0.885007872062938
d_A2_A1,best_p_negative,50,0.01808606184856186,0.9007901569955963
d_A2_A1,frac_near_best_050,50,0.017791470847847594,0.9023982212564918
d_A2_A1,rho_cluster,49,0.017670647246403496,0.904078638821532
d_A2_A1,q_median,50,-0.01620660977008146,0.9110558943194246
d_A2_A1,within_sd_q,50,-0.01601193930889735,0.9121200530432131
d_A2_A1,q_star_minus_median,50,-0.011782253393679403,0.9352760206588006
d_A2_A1,q_min,50,-0.011492604416025403,0.9368639016697906
d_A2_A1,n_types_near_best_050,50,-0.010608849900258387,0.9417101984183808
d_A2_A1,n_near_best_050,50,0.010393361990702045,0.9428922058523173
d_A2_A1,q_sd_best,50,0.009088293868739756,0.9500533570922063
d_A2_A1,rep_q_max,50,0.0071645013724495644,0.9606165298847993
d_A2_A1,singleton_frac,50,-0.00024069127096121892,0.9986763930447877
d_A9P5_A1,rho_cluster_risk_l0.5,49,-0.22568626006800072,0.11894591565405696
d_A9P5_A1,between_range_q,50,-0.21128395306535783,0.14077777372972858
d_A9P5_A1,rho_cand_risk_l0.5,49,-0.19619885191052266,0.17665972794499094
d_A9P5_A1,best_type_margin,50,-0.18545642253660943,0.19725014203517943
d_A9P5_A1,y_spread,48,-0.17838149053759797,0.22511302482494713
d_A9P5_A1,best_cluster_selected,50,0.17759352590345945,0.21725888468077129
d_A9P5_A1,counting_op,50,-0.17538052032901205,0.2231365882198095
d_A9P5_A1,md_screen_loss,50,0.17535456116601478,0.22320618262129524
d_A9P5_A1,no1_no2_gap,47,-0.1751483107306368,0.2389752780480927
d_A9P5_A1,topk_overlap_l0.5,50,-0.17510268924062025,0.223882211597661
d_A9P5_A1,frac_hit,50,-0.14989510973103476,0.2988072750910759
d_A9P5_A1,q_sd_best,50,0.14637695698318928,0.3104211232435039
d_A9P5_A1,n_back_house,50,-0.14169987592565722,0.32630128084066795
d_A9P5_A1,n_op_house,50,-0.1392694324909293,0.33475163092536664
d_A9P5_A1,rho_cand,49,-0.13682826182718222,0.34850587905320224
d_A9P5_A1,score_now,50,0.1364763480600342,0.3446298393213986
d_A9P5_A1,n_op,50,-0.13259866535249745,0.3586390049443955
d_A9P5_A1,best_cluster_size,50,0.1305139753767887,0.3663117313844701
d_A9P5_A1,K_clusters,50,-0.12315022649189399,0.39419831649457615
d_A9P5_A1,n_cand,50,-0.12298640616016818,0.39483250918395635
d_A9P5_A1,n_cand_ct,50,-0.12298640616016818,0.39483250918395635
d_A9P5_A1,n_stones,50,-0.12103101878657367,0.4024483636421151
d_A9P5_A1,q_range,50,-0.11909653778853735,0.41006604922453066
d_A9P5_A1,frac_draw,50,0.11854638987094061,0.41224750473102095
d_A9P5_A1,remaining,50,0.11725295056758545,0.4174024385921334
d_A9P5_A1,n_house,50,-0.11327584307355856,0.4334815358720443
d_A9P5_A1,house_density,50,-0.11327584307355856,0.4334815358720443
d_A9P5_A1,q_iqr,50,-0.10968876262271987,0.4482764948317505
d_A9P5_A1,rho_cluster,49,-0.10710280274956872,0.463877931664466
d_A9P5_A1,true_top_cluster_selected,50,0.10526428958828879,0.4669015902186506
d_A9P5_A1,n_my,50,-0.10235710453093987,0.47936216331697756
d_A9P5_A1,best_cluster_rank,50,-0.10054662914700403,0.48720996504843583
d_A9P5_A1,n_my_house,50,-0.09712422077115708,0.5022265336755237
d_A9P5_A1,best_hist_entropy,50,0.09315548465828576,0.5199324018334164
d_A9P5_A1,q_sd_median,50,0.09135351040611349,0.5280732296691005
d_A9P5_A1,min_pair_dist,48,0.08671549128299212,0.5578407163581925
d_A9P5_A1,q_sd_mean,50,0.08107604488051758,0.5756726637750362
d_A9P5_A1,mean_nn_dist,48,-0.0790449239863159,0.5933135178768342
d_A9P5_A1,cluster_sd_mean,50,0.0784777621365722,0.5880095622075272
d_A9P5_A1,q_min,50,0.07441550426512236,0.6075309024213403
d_A9P5_A1,q_gap12,50,0.07375778436628729,0.6107177544170435
d_A9P5_A1,best_is_rep,50,-0.06910447852002807,0.6334660682708181
d_A9P5_A1,x_spread,48,-0.06876309973757969,0.6423632027808798
d_A9P5_A1,largest_frac,50,-0.06849587993679368,0.6364668597910667
d_A9P5_A1,n_front_house,50,-0.06748254802268504,0.6414760721815723
d_A9P5_A1,house_diff,50,0.06574134639709617,0.6501202879139113
d_A9P5_A1,n_within_1.22,50,-0.06234008825812957,0.6671371799545943
d_A9P5_A1,size_entropy_norm,50,0.061255051360815244,0.6726013352687268
d_A9P5_A1,singleton_frac,50,0.06122500564517068,0.6727528830968592
d_A9P5_A1,mean_cluster_size,50,-0.056158555832941125,0.6984874273028209
d_A9P5_A1,best_p_ge2,50,0.05097724733549268,0.7251569094782849
d_A9P5_A1,n_singleton,50,-0.04332917584114651,0.7651120628597593
d_A9P5_A1,q_star_minus_median,50,-0.03989419923180103,0.7832631529608679
d_A9P5_A1,within_sd_q,50,-0.03647219110945539,0.8014600347000469
d_A9P5_A1,rep_q_max,50,-0.03026518233225256,0.8347277008327715
d_A9P5_A1,counting_my,50,0.028709682398488534,0.843112213953418
d_A9P5_A1,house_mean_nn_dist,47,-0.027993591688582915,0.8518306902598198
d_A9P5_A1,type_purity,50,0.027529822288754533,0.8494834961384132
d_A9P5_A1,n_near_best_050,50,-0.027204684753672093,0.8512409416019124
d_A9P5_A1,md_rep_q_max,50,-0.0268274401024479,0.8532809348283954
d_A9P5_A1,n_types_near_best_050,50,0.021696772865349698,0.8811145593794426
d_A9P5_A1,q_mean,50,0.02025698213335187,0.888952469031201
d_A9P5_A1,frac_guard,50,-0.01991849431110597,0.890796679117141
d_A9P5_A1,q_median,50,0.015158833242481694,0.9167853008106414
d_A9P5_A1,q_star,50,0.013617253180937433,0.9252224352547386
d_A9P5_A1,rho_gain_sd,49,0.01013098649201801,0.9449196607111414
d_A9P5_A1,best_p_negative,50,-0.010059940226344362,0.944721350379944
d_A9P5_A1,n_types,50,-0.009153872003779038,0.9496934197468054
d_A9P5_A1,n_near_best_025,50,0.004810616408653761,0.9735501890042061
d_A9P5_A1,qadj_star_l0.5,50,-0.004017811450912634,0.9779080170731043
d_A9P5_A1,no1_mine,50,0.0030618430420197612,0.9831635469563084
d_A9P5_A1,frac_near_best_050,50,-0.002069052603463992,0.9886222556347559
d_A9P5_A1,q_2nd,50,0.0020209836269868345,0.9888865707454461
d_A9P5_A1,n_within_0.61,50,-0.00014579133636455553,0.9991982655610532
d_A9P5_A2,md_screen_loss,50,-0.4352822229393789,0.0015819772141552491
d_A9P5_A2,true_top_cluster_selected,50,-0.348075762402753,0.01324867236932636
d_A9P5_A2,best_cluster_selected,50,-0.3052481418483441,0.031116828880353557
d_A9P5_A2,house_mean_nn_dist,47,-0.2702640314863989,0.06616542555002905
d_A9P5_A2,no1_no2_gap,47,-0.2670830938164327,0.06954702778123614
d_A9P5_A2,best_cluster_size,50,-0.26672538352515307,0.061150067934339865
d_A9P5_A2,between_range_q,50,0.2654193596642923,0.062476925406822446
d_A9P5_A2,rho_cluster_risk_l0.5,49,-0.25939820916700546,0.07188277024401568
d_A9P5_A2,mean_nn_dist,48,-0.2515474126310404,0.08458403480460955
d_A9P5_A2,n_front_house,50,0.19814637743260782,0.1677747721589923
d_A9P5_A2,best_hist_entropy,50,0.18267845892739185,0.20416423511042892
d_A9P5_A2,best_cluster_rank,50,0.1804874739843492,0.2097365368211436
d_A9P5_A2,n_within_1.22,50,0.17649360087138907,0.22016664249051293
d_A9P5_A2,q_sd_median,50,0.16790060517962105,0.24381493414756583
d_A9P5_A2,q_sd_mean,50,0.165237657260147,0.25148156493640517
d_A9P5_A2,x_spread,48,-0.16120100757642114,0.2737043438595603
d_A9P5_A2,qadj_star_l0.5,50,-0.13327409526532966,0.35617422409150634
d_A9P5_A2,topk_overlap_l0.5,50,0.13310587638154447,0.3567871197411946
d_A9P5_A2,mean_cluster_size,50,0.1324632540478865,0.35913439507715517
d_A9P5_A2,cluster_sd_mean,50,0.1313735443623552,0.36313614466525523
d_A9P5_A2,n_near_best_025,50,-0.1309197995033438,0.36481037252581794
d_A9P5_A2,q_star,50,-0.13036795622638483,0.36685284537373547
d_A9P5_A2,n_cand,50,0.1264597365793062,0.38151457578191583
d_A9P5_A2,n_cand_ct,50,0.1264597365793062,0.38151457578191583
d_A9P5_A2,n_types,50,0.124412859168192,0.3893303877762181
d_A9P5_A2,K_clusters,50,0.12289178163091272,0.3951990983156499
d_A9P5_A2,n_house,50,0.12213968189706051,0.39811991972173505
d_A9P5_A2,house_density,50,0.12213968189706051,0.39811991972173505
d_A9P5_A2,n_stones,50,0.11906176809856625,0.410203721551807
d_A9P5_A2,rep_q_max,50,-0.11845234383823328,0.41262108325943675
d_A9P5_A2,q_sd_best,50,0.11788159412259545,0.4148924328363456
d_A9P5_A2,n_op,50,0.11773767769835108,0.4154662888014763
d_A9P5_A2,q_2nd,50,-0.11723310124539292,0.4174818325033894
d_A9P5_A2,frac_guard,50,0.11649036816463544,0.4204588275137383
d_A9P5_A2,n_my_house,50,0.1156322407415644,0.42391332557906003
d_A9P5_A2,remaining,50,0.11545329694149147,0.42463570601021305
d_A9P5_A2,n_op_house,50,0.11527078082538239,0.4253732246684365
d_A9P5_A2,counting_op,50,0.11514413125148557,0.42588542086405534
d_A9P5_A2,frac_draw,50,-0.11345714097125993,0.4327411054606129
d_A9P5_A2,best_is_rep,50,0.11280294919248617,0.43541619492894623
d_A9P5_A2,rho_cluster,49,-0.1103881194385073,0.45020038436777315
d_A9P5_A2,n_within_0.61,50,0.1067311232666629,0.46068124303753966
d_A9P5_A2,q_iqr,50,0.10258258261218554,0.4783894925301889
d_A9P5_A2,n_my,50,0.10240080217695598,0.47917357813880274
d_A9P5_A2,singleton_frac,50,0.10192357337077154,0.4812352693564558
d_A9P5_A2,house_diff,50,0.08652133856685464,0.550209505477438
d_A9P5_A2,frac_hit,50,0.08553219220685054,0.55479473465231
d_A9P5_A2,q_median,50,-0.08515289207832619,0.5565577814670162
d_A9P5_A2,q_mean,50,-0.08478036775120913,0.5582919035204251
d_A9P5_A2,n_singleton,50,0.07555177948389696,0.6020423123847379
d_A9P5_A2,rho_cand,49,-0.07465618979584243,0.610181178367813
d_A9P5_A2,best_p_negative,50,0.07001105192840654,0.62900688287459
d_A9P5_A2,n_back_house,50,-0.06166053423034353,0.6705573787107926
d_A9P5_A2,q_min,50,-0.05894079706129773,0.6843115227364354
d_A9P5_A2,largest_frac,50,-0.05629369803912424,0.6977964534989483
d_A9P5_A2,size_entropy_norm,50,-0.0519995214497594,0.7198682019621603
d_A9P5_A2,md_rep_q_max,50,0.05188192180409791,0.7204759455462868
d_A9P5_A2,best_p_ge2,50,-0.04750234302282671,0.743228025923081
d_A9P5_A2,score_now,50,-0.047426484369748716,0.7436240989036182
d_A9P5_A2,q_gap12,50,-0.0468697449250936,0.7465329496982761
d_A9P5_A2,rho_cand_risk_l0.5,49,-0.03786390487253253,0.7961771984005125
d_A9P5_A2,n_near_best_050,50,-0.03655547280467111,0.8010158926141195
d_A9P5_A2,q_range,50,0.031056349072797716,0.8304700334808678
d_A9P5_A2,no1_mine,50,-0.027618707514994595,0.8490031760884786
d_A9P5_A2,y_spread,48,0.02714735728804667,0.8546738298099404
d_A9P5_A2,rho_gain_sd,49,-0.023558288132310427,0.8723508883355723
d_A9P5_A2,within_sd_q,50,0.023200519900189242,0.8729405184590352
d_A9P5_A2,frac_near_best_050,50,-0.020967432900816867,0.8850835672397327
d_A9P5_A2,type_purity,50,-0.014582232275516046,0.9199400504289158
d_A9P5_A2,min_pair_dist,48,-0.01237919492334928,0.933447647988793
d_A9P5_A2,q_star_minus_median,50,0.008599361174623631,0.9527372580693154
d_A9P5_A2,n_types_near_best_050,50,-0.008424585746171977,0.9536967812998368
d_A9P5_A2,best_type_margin,50,-0.0064619967628004185,0.9644756115433725
d_A9P5_A2,counting_my,50,0.0018248366103237998,0.9899651290668895
d_A9R05_A9P5,house_mean_nn_dist,47,-0.27931709614616707,0.05725311069082441
d_A9R05_A9P5,type_purity,50,-0.26967783382777394,0.05823375188316058
d_A9R05_A9P5,mean_nn_dist,48,-0.25687665557189676,0.0779866818389715
d_A9R05_A9P5,frac_hit,50,0.21374408383014507,0.1361042593302353
d_A9R05_A9P5,n_back_house,50,0.20932563693069442,0.14458258411386704
d_A9R05_A9P5,min_pair_dist,48,-0.20590431094283268,0.16030696375991393
d_A9R05_A9P5,n_op,50,0.20223252109798026,0.15900326722845876
d_A9R05_A9P5,n_op_house,50,0.19977145003090901,0.1642451138947063
d_A9R05_A9P5,n_cand,50,0.18678291032783695,0.1940078551771856
d_A9R05_A9P5,n_cand_ct,50,0.18678291032783695,0.1940078551771856
d_A9R05_A9P5,between_range_q,50,0.1804652606119466,0.2097935723282784
d_A9R05_A9P5,K_clusters,50,0.17927817140467264,0.2128573987927315
d_A9R05_A9P5,n_stones,50,0.1758762593820247,0.22181043644291637
d_A9R05_A9P5,best_is_rep,50,0.17468044604465782,0.22501869813660597
d_A9R05_A9P5,n_house,50,0.1735032523873355,0.2282082174296805
d_A9R05_A9P5,house_density,50,0.1735032523873355,0.2282082174296805
d_A9R05_A9P5,frac_draw,50,-0.16169742358029962,0.26192361170285944
d_A9R05_A9P5,q_min,50,-0.16168976304074117,0.26194651663349605
d_A9R05_A9P5,n_within_1.22,50,0.1527115449254568,0.2897150363888852
d_A9R05_A9P5,q_gap12,50,-0.14638896004724747,0.31038101576359073
d_A9R05_A9P5,no1_no2_gap,47,-0.1436040326052687,0.33555109460165494
d_A9R05_A9P5,q_range,50,0.1416115214865684,0.32660610601921364
d_A9R05_A9P5,mean_cluster_size,50,0.1415794646899977,0.32671674710084353
d_A9R05_A9P5,size_entropy_norm,50,-0.13471334365165671,0.3509567152670203
d_A9R05_A9P5,counting_op,50,0.12916623400858485,0.37132446026610694
d_A9R05_A9P5,house_diff,50,-0.1290342829682589,0.3718174377491582
d_A9R05_A9P5,n_my_house,50,0.1283551321634359,0.3743609998595975
d_A9R05_A9P5,n_my,50,0.12780118824070977,0.3764433310912564
d_A9R05_A9P5,best_p_ge2,50,-0.12497367554621737,0.38717963803057426
d_A9R05_A9P5,n_within_0.61,50,0.12129835156047776,0.4014021509008283
d_A9R05_A9P5,md_screen_loss,50,-0.11968906937513438,0.40772398214020517
d_A9R05_A9P5,n_singleton,50,0.11898249358911264,0.4105177123820435
d_A9R05_A9P5,within_sd_q,50,-0.1184591235003703,0.4125941459492811
d_A9R05_A9P5,q_iqr,50,-0.11487625751009252,0.42696990312389294
d_A9R05_A9P5,n_front_house,50,0.11419059157252316,0.42975289861148
d_A9R05_A9P5,remaining,50,-0.1049610480803286,0.4681931383745037
d_A9R05_A9P5,best_cluster_size,50,-0.10460122541753074,0.46972815568588416
d_A9R05_A9P5,best_type_margin,50,0.09926773100469506,0.4927937769006628
d_A9R05_A9P5,score_now,50,-0.09849479420022353,0.4961845343951477
d_A9R05_A9P5,y_spread,48,0.09758807860607145,0.5093399770340721
d_A9R05_A9P5,q_star,50,-0.08692996657316049,0.5483205834891229
d_A9R05_A9P5,best_cluster_rank,50,0.08337799902487254,0.5648427206697544
d_A9R05_A9P5,q_mean,50,-0.08157624622003523,0.5733113212603138
d_A9R05_A9P5,q_2nd,50,-0.08121854952799419,0.57499947714282
d_A9R05_A9P5,md_rep_q_max,50,-0.07869102925606816,0.5869925040909536
d_A9R05_A9P5,rho_gain_sd,49,-0.07472718391871233,0.6098405863743622
d_A9R05_A9P5,n_near_best_050,50,0.0679793413162669,0.6390182768299636
d_A9R05_A9P5,singleton_frac,50,0.06325444037160215,0.6625458000897337
d_A9R05_A9P5,best_cluster_selected,50,-0.0558732010259626,0.6999472233815371
d_A9R05_A9P5,largest_frac,50,0.054115679408781585,0.7089617230774887
d_A9R05_A9P5,q_sd_median,50,-0.05278930457125127,0.7157911368069615
d_A9R05_A9P5,q_median,50,-0.0527525251072847,0.7159808288239253
d_A9R05_A9P5,q_sd_mean,50,-0.052503860599065234,0.7172637739904916
d_A9R05_A9P5,qadj_star_l0.5,50,-0.04997388261402154,0.7303601664771054
d_A9R05_A9P5,x_spread,48,-0.04933861563454282,0.739118895393625
d_A9R05_A9P5,rep_q_max,50,-0.04739329198244364,0.7437974235693793
d_A9R05_A9P5,topk_overlap_l0.5,50,-0.04621729759215612,0.749946308069429
d_A9R05_A9P5,rho_cluster_risk_l0.5,49,0.04202945498739664,0.7743130346995627
d_A9R05_A9P5,best_p_negative,50,0.03795723386754723,0.7935497386544339
d_A9R05_A9P5,cluster_sd_mean,50,-0.03673823854590239,0.8000414196366215
d_A9R05_A9P5,true_top_cluster_selected,50,0.03635214245600277,0.8021003646480236
d_A9R05_A9P5,n_types,50,0.03243592023480098,0.8230574507558371
d_A9R05_A9P5,best_hist_entropy,50,-0.03119450270262609,0.8297270495129283
d_A9R05_A9P5,frac_guard,50,-0.030541772774282536,0.8332386881608427
d_A9R05_A9P5,counting_my,50,-0.029467627183356212,0.8390245006820318
d_A9R05_A9P5,rho_cand_risk_l0.5,49,0.029326106373574894,0.8414600460357051
d_A9R05_A9P5,no1_mine,50,-0.025749183605526745,0.8591169264110261
d_A9R05_A9P5,n_near_best_025,50,0.02206666683627108,0.8791027252662357
d_A9R05_A9P5,frac_near_best_050,50,0.020828477847812166,0.8858400689715539
d_A9R05_A9P5,rho_cand,49,0.01796415940161394,0.9024930063962735
d_A9R05_A9P5,rho_cluster,49,-0.011414291696349319,0.9379554220133753
d_A9R05_A9P5,q_sd_best,50,0.006219764255928317,0.9658064631827884
d_A9R05_A9P5,n_types_near_best_050,50,-0.005049047451931596,0.9722397437493883
d_A9R05_A9P5,q_star_minus_median,50,-0.003737039027252801,0.9794515045209189
dadj_A9R05_A9P5,house_mean_nn_dist,47,-0.27837253836454395,0.05813530763685816
dadj_A9R05_A9P5,type_purity,50,-0.2607675786607479,0.06739124850760311
dadj_A9R05_A9P5,mean_nn_dist,48,-0.25277852193836636,0.08302250610025823
dadj_A9R05_A9P5,frac_hit,50,0.21593244569296818,0.13204536920214233
dadj_A9R05_A9P5,best_is_rep,50,0.2130297125507012,0.13744923472323944
dadj_A9R05_A9P5,n_back_house,50,0.2060102634613059,0.15119713453106054
dadj_A9R05_A9P5,q_min,50,-0.20444677270710285,0.15439282505063104
dadj_A9R05_A9P5,n_op,50,0.19667161632417343,0.17102540964431678
dadj_A9R05_A9P5,min_pair_dist,48,-0.19614567772985686,0.18150442458577049
dadj_A9R05_A9P5,n_op_house,50,0.1956770224730852,0.17324330674647437
dadj_A9R05_A9P5,mean_cluster_size,50,0.18661179941327843,0.19442395380159364
dadj_A9R05_A9P5,house_diff,50,-0.1854558300469923,0.19725159876455786
dadj_A9R05_A9P5,counting_op,50,0.17974483115442239,0.2116492597748738
dadj_A9R05_A9P5,n_cand,50,0.17152751594189564,0.23363114831407544
dadj_A9R05_A9P5,n_cand_ct,50,0.17152751594189564,0.23363114831407544
dadj_A9R05_A9P5,K_clusters,50,0.16226416993281662,0.26023276252214605
dadj_A9R05_A9P5,best_p_ge2,50,-0.16008010490406463,0.2667891196954989
dadj_A9R05_A9P5,n_stones,50,0.15769208007414484,0.27408262671353606
dadj_A9R05_A9P5,n_house,50,0.15708350634809592,0.27596222457078023
dadj_A9R05_A9P5,house_density,50,0.15708350634809592,0.27596222457078023
dadj_A9R05_A9P5,q_mean,50,-0.15152584597977373,0.2935205729112838
dadj_A9R05_A9P5,score_now,50,-0.15081362607563795,0.29582200438871004
dadj_A9R05_A9P5,frac_draw,50,-0.14451068117820773,0.316697457552408
dadj_A9R05_A9P5,between_range_q,50,0.14367097132525639,0.31954753292792093
dadj_A9R05_A9P5,best_type_margin,50,0.1377432831157103,0.3401270089320736
dadj_A9R05_A9P5,q_range,50,0.13620469325952023,0.34560010379518413
dadj_A9R05_A9P5,n_within_1.22,50,0.13398245438781853,0.3536004174702624
dadj_A9R05_A9P5,q_star,50,-0.12973777981082715,0.3691936667531084
dadj_A9R05_A9P5,size_entropy_norm,50,-0.12925876609544693,0.370978988864871
dadj_A9R05_A9P5,q_2nd,50,-0.12728203748302122,0.37840113973755485
dadj_A9R05_A9P5,md_screen_loss,50,-0.12365646821644664,0.3922422944004781
dadj_A9R05_A9P5,q_median,50,-0.12343686243283813,0.3930901085282158
dadj_A9R05_A9P5,q_gap12,50,-0.12280067296525092,0.39555225467575134
dadj_A9R05_A9P5,y_spread,48,0.12165170573250976,0.4101232990175166
dadj_A9R05_A9P5,md_rep_q_max,50,-0.12123714182374346,0.40164155690358666
dadj_A9R05_A9P5,n_singleton,50,0.1203091962744693,0.40528112855655096
dadj_A9R05_A9P5,no1_no2_gap,47,-0.11661709089469224,0.43502178623119653
dadj_A9R05_A9P5,n_within_0.61,50,0.11255221521334445,0.4364439278784051
dadj_A9R05_A9P5,n_my_house,50,0.10515215840614679,0.4673789495308014
dadj_A9R05_A9P5,n_my,50,0.10131517613664759,0.48387039081813954
dadj_A9R05_A9P5,x_spread,48,-0.09845402147017801,0.50557117566129
dadj_A9R05_A9P5,rep_q_max,50,-0.09589083921532608,0.5076957761362522
dadj_A9R05_A9P5,n_front_house,50,0.0947969859798436,0.5125715050789592
dadj_A9R05_A9P5,qadj_star_l0.5,50,-0.09104786219723043,0.5294602760345277
dadj_A9R05_A9P5,best_cluster_size,50,-0.08880438384564267,0.5396958783047612
dadj_A9R05_A9P5,counting_my,50,-0.08812925880690976,0.5427947201898333
dadj_A9R05_A9P5,singleton_frac,50,0.08284699838688295,0.5673324666147935
dadj_A9R05_A9P5,frac_guard,50,-0.08130386928016536,0.5745966024139687
dadj_A9R05_A9P5,no1_mine,50,-0.07812033725848101,0.5897158666472855
dadj_A9R05_A9P5,best_p_negative,50,0.07571788138045916,0.6012418013067177
dadj_A9R05_A9P5,q_iqr,50,-0.07436213889846907,0.6077892057745361
dadj_A9R05_A9P5,remaining,50,-0.07389483880454956,0.6100530921445297
dadj_A9R05_A9P5,within_sd_q,50,-0.06797691467753132,0.6390302728908364
dadj_A9R05_A9P5,rho_gain_sd,49,-0.06775326864825457,0.6436786689940688
dadj_A9R05_A9P5,n_types_near_best_050,50,-0.06526680846898478,0.6524841263307436
dadj_A9R05_A9P5,best_cluster_rank,50,0.053314947536272805,0.7130819669954552
dadj_A9R05_A9P5,rho_cluster_risk_l0.5,49,0.05282846635573135,0.7184697381605596
dadj_A9R05_A9P5,q_star_minus_median,50,0.04279305289419682,0.767937099584372
dadj_A9R05_A9P5,largest_frac,50,0.04099474242410611,0.7774347109193216
dadj_A9R05_A9P5,frac_near_best_050,50,-0.04059428115968653,0.7795541561484542
dadj_A9R05_A9P5,n_types,50,0.03755826019618118,0.7956729458457951
dadj_A9R05_A9P5,true_top_cluster_selected,50,0.03378214929876726,0.8158387234282507
dadj_A9R05_A9P5,q_sd_mean,50,-0.03017982169371249,0.8351873522798015
dadj_A9R05_A9P5,q_sd_median,50,-0.02822691807854555,0.8457179789527192
dadj_A9R05_A9P5,q_sd_best,50,0.02449214963688439,0.8659299398176145
dadj_A9R05_A9P5,rho_cand,49,0.02159682648295469,0.8829014000735588
dadj_A9R05_A9P5,best_hist_entropy,50,-0.019766811491058765,0.8916232909274212
dadj_A9R05_A9P5,cluster_sd_mean,50,-0.017355808002773955,0.904777054086094
dadj_A9R05_A9P5,topk_overlap_l0.5,50,0.016303986859167945,0.9105236439837954
dadj_A9R05_A9P5,rho_cand_risk_l0.5,49,0.014534357159144862,0.921043619586267
dadj_A9R05_A9P5,rho_cluster,49,0.013205094524067748,0.928244879994646
dadj_A9R05_A9P5,n_near_best_050,50,0.011916312676015445,0.9345411799771995
dadj_A9R05_A9P5,best_cluster_selected,50,-0.007399736875887714,0.9593245016475616
dadj_A9R05_A9P5,n_near_best_025,50,-0.0006539749347378597,0.996403677977513
eta2_q,between_range_q,50,0.7522869698919846,3.002882879983289e-10
eta2_q,best_cluster_size,50,-0.4813393917116388,0.000402052362341532
eta2_q,largest_frac,50,-0.46769470715966505,0.0006155578964502953
eta2_q,best_is_rep,50,0.3785627245452979,0.006711319277714197
eta2_q,house_diff,50,-0.3770432370461863,0.006953230640745889
eta2_q,counting_op,50,0.36705429731194955,0.008740535668348438
eta2_q,singleton_frac,50,-0.3417063450187828,0.015152389970939555
eta2_q,score_now,50,-0.339541510504593,0.01585041036655743
eta2_q,q_iqr,50,0.32244585613069937,0.022386704014827306
eta2_q,frac_guard,50,-0.31410573393285596,0.026321037239348838
eta2_q,within_sd_q,50,-0.3045858343337335,0.03150284892281798
eta2_q,size_entropy_norm,50,0.2795332312097486,0.04929966494052816
eta2_q,q_star_minus_median,50,0.27211603394530093,0.05591067057747864
eta2_q,best_cluster_selected,50,-0.2595456332514594,0.06873195280490353
eta2_q,n_types_near_best_050,50,-0.25817566573761197,0.07026020837542507
eta2_q,no1_mine,50,-0.2490364250259974,0.08115780627944932
eta2_q,counting_my,50,-0.24702720625657537,0.08372294403277461
eta2_q,type_purity,50,0.24289729227217785,0.08919485146368998
eta2_q,md_screen_loss,50,-0.22608283835587684,0.11439793455366107
eta2_q,best_p_ge2,50,-0.22405843754478852,0.11776564646946161
eta2_q,no1_no2_gap,47,0.22166975023126734,0.1342711421648475
eta2_q,q_range,50,0.21370086736356983,0.13618534405285446
eta2_q,frac_hit,50,0.21177830666634478,0.1398291875551312
eta2_q,n_singleton,50,-0.20732851268141284,0.14854084413530894
eta2_q,n_near_best_050,50,-0.19985108524808012,0.16407354935595894
eta2_q,qadj_star_l0.5,50,-0.1911210353740648,0.18366926042727402
eta2_q,rho_cand_risk_l0.5,49,0.1880612244897959,0.19565640893788272
eta2_q,topk_overlap_l0.5,50,-0.17689813999345844,0.21909407776269005
eta2_q,frac_near_best_050,50,-0.1757545199671048,0.2221355939999302
eta2_q,rho_cluster,49,0.17420145003456844,0.23126373299929906
eta2_q,q_median,50,-0.17380655256760394,0.22738348200563102
eta2_q,best_p_negative,50,0.1679836784892737,0.24357835193708113
eta2_q,q_star,50,-0.1664385700016353,0.2480042161012939
eta2_q,q_2nd,50,-0.1620726087154959,0.26080345204309757
eta2_q,q_mean,50,-0.1594717887154862,0.26863464534916126
eta2_q,n_my_house,50,-0.14405878442761869,0.31822923592746133
eta2_q,n_back_house,50,0.14249480093943165,0.3235668238122056
eta2_q,q_min,50,-0.13859008851938404,0.3371378237804664
eta2_q,n_near_best_025,50,-0.13567983432309444,0.3474795025506861
eta2_q,rho_cand,49,0.13346938775510203,0.3605767907435186
eta2_q,best_cluster_rank,50,-0.13268620361902367,0.35831897558601256
eta2_q,q_sd_mean,50,0.13027611044417767,0.3671934521667332
eta2_q,mean_nn_dist,48,0.12961354754667823,0.37992731193608936
eta2_q,cluster_sd_mean,50,0.1262424969987995,0.38233963362892537
eta2_q,n_my,50,-0.12204675084671467,0.39848169475790696
eta2_q,best_type_margin,50,0.12055426424079568,0.40431807742078196
eta2_q,q_sd_median,50,0.12038932528945273,0.40496609712556864
eta2_q,house_mean_nn_dist,47,0.11667437557816837,0.43479466684422063
eta2_q,x_spread,48,0.11159357359965262,0.4501731675025487
eta2_q,n_types,50,-0.09921341664318623,0.493031652328506
eta2_q,n_front_house,50,-0.089520132743782,0.5364199669630538
eta2_q,rep_q_max,50,-0.08821128451380551,0.5424177623569871
eta2_q,q_gap12,50,0.07372895859952404,0.6108575880786972
eta2_q,n_op_house,50,0.06134486620883315,0.6721483942361162
eta2_q,remaining,50,0.05959833091170491,0.6809767552902197
eta2_q,mean_cluster_size,50,0.0595874299357879,0.6810319920114877
eta2_q,n_within_1.22,50,-0.058185626498444165,0.6881488308072116
eta2_q,rho_cluster_risk_l0.5,49,0.0562388382687297,0.7011169515258652
eta2_q,n_op,50,0.05607368858033851,0.6989214721082667
eta2_q,y_spread,48,-0.05557967867998263,0.707506301368572
eta2_q,best_hist_entropy,50,0.055223414743762446,0.7032753510259059
eta2_q,n_house,50,-0.047855502921785906,0.7413849761691628
eta2_q,house_density,50,-0.047855502921785906,0.7413849761691628
eta2_q,frac_draw,50,0.039564038199939866,0.7850139905333029
eta2_q,n_stones,50,-0.03572427666553405,0.8054514387262917
eta2_q,rho_gain_sd,49,-0.035663228810818966,0.8077921022147112
eta2_q,n_within_0.61,50,-0.03385230346904583,0.8154629529683735
eta2_q,q_sd_best,50,-0.03289473688003398,0.8205955307165945
eta2_q,n_cand,50,-0.03147871673747654,0.8281990235854768
eta2_q,n_cand_ct,50,-0.03147871673747654,0.8281990235854768
eta2_q,K_clusters,50,-0.030068849920343206,0.8357849965035055
eta2_q,md_rep_q_max,50,-0.02559669607926342,0.8599428643664334
eta2_q,min_pair_dist,48,0.02116804168475901,0.8864429357078669
eta2_q,true_top_cluster_selected,50,0.014069214854218198,0.9227479438520174
rho_gain,n_within_0.61,49,-0.5593552317234576,2.9408083027555778e-05
rho_gain,mean_nn_dist,47,0.5514569842738205,5.8820993176419926e-05
rho_gain,house_mean_nn_dist,46,0.5279679309281529,0.00016264482288825126
rho_gain,rho_cluster,49,0.48453924122093195,0.00041874934976238957
rho_gain,best_cluster_rank,49,-0.4725556657876367,0.0006069732674770045
rho_gain,n_within_1.22,49,-0.46224593394840036,0.0008265083909719539
rho_gain,min_pair_dist,47,0.4575624421831637,0.0012220173366105959
rho_gain,n_front_house,49,-0.43946761054927136,0.0015815021866467326
rho_gain,n_stones,49,-0.43910463734880584,0.0015973710138591903
rho_gain,n_house,49,-0.4385682452730941,0.0016210811548461011
rho_gain,house_density,49,-0.4385682452730941,0.0016210811548461011
rho_gain,frac_draw,49,0.4375026802338176,0.0016691137422521242
rho_gain,n_my,49,-0.4328193563972751,0.0018955789923938574
rho_gain,n_cand,49,-0.4293322382639446,0.00208152483842891
rho_gain,n_cand_ct,49,-0.4293322382639446,0.00208152483842891
rho_gain,n_my_house,49,-0.42791215600662824,0.002161771525090854
rho_gain,K_clusters,49,-0.42498653871268705,0.0023357928600745695
rho_gain,n_op,49,-0.4092801344172388,0.0034992770451331523
rho_gain,n_op_house,49,-0.4014224086885298,0.004253405664789589
rho_gain,true_top_cluster_selected,49,0.36280148018697095,0.010407243277007773
rho_gain,no1_no2_gap,46,0.3543015726179463,0.01570070566251464
rho_gain,n_back_house,49,-0.3406876648407162,0.016602498264837784
rho_gain,best_is_rep,49,0.3371942017235949,0.017822961193026305
rho_gain,rho_cluster_risk_l0.5,49,0.32727737732973095,0.021709267841976305
rho_gain,frac_hit,49,-0.32326927821858276,0.02347094934567118
rho_gain,type_purity,49,0.31462911750043676,0.027679505975535715
rho_gain,size_entropy_norm,49,0.3123628760635158,0.028882098451662896
rho_gain,best_cluster_selected,49,0.30786056289102154,0.031400585983694516
rho_gain,n_singleton,49,-0.30750334935539725,0.03160797344280437
rho_gain,frac_guard,49,-0.2987249483316926,0.03707269900725752
rho_gain,q_mean,49,-0.26357142857142857,0.06726836349677894
rho_gain,md_rep_q_max,49,-0.2596117057378025,0.07164076994727689
rho_gain,largest_frac,49,-0.25586976408315376,0.07597690920419706
rho_gain,q_gap12,49,0.2558175191078092,0.07603888447037328
rho_gain,best_p_negative,49,0.25183107625382617,0.08088665340585771
rho_gain,n_types,49,-0.24111976745720007,0.0951189315081754
rho_gain,best_p_ge2,49,-0.23826661763227278,0.09921941164076882
rho_gain,md_screen_loss,49,0.21461974632004688,0.13864054404729648
rho_gain,q_median,49,-0.21222094827608443,0.14321292609754196
rho_gain,topk_overlap_l0.5,49,-0.212060868738662,0.1435219928344142
rho_gain,best_type_margin,49,0.20034701376765585,0.16750495647367722
rho_gain,n_near_best_050,49,-0.19126399768236582,0.18801403041588716
rho_gain,singleton_frac,49,-0.1886957659203619,0.19412505108192268
rho_gain,n_near_best_025,49,-0.17907466258262922,0.2182692221926278
rho_gain,mean_cluster_size,49,-0.17144888879000203,0.23883391611483318
rho_gain,q_min,49,-0.166079902252,0.2540824355723766
rho_gain,q_2nd,49,-0.15321819439154985,0.29323034284116606
rho_gain,house_diff,49,-0.15060978877429373,0.30162307220018814
rho_gain,qadj_star_l0.5,49,-0.14944258786974676,0.3054282362357666
rho_gain,q_star,49,-0.14423837347482898,0.3227675267186183
rho_gain,rep_q_max,49,-0.1414285714285714,0.3323822684518754
rho_gain,x_spread,47,0.12800647548566144,0.3911836726670487
rho_gain,y_spread,47,-0.12661887141535616,0.39638141322538634
rho_gain,frac_near_best_050,49,-0.11689073704663361,0.42379210132951645
rho_gain,q_star_minus_median,49,0.11348675950704813,0.4375053260414587
rho_gain,within_sd_q,49,-0.10510204081632651,0.47231599261227475
rho_gain,counting_op,49,-0.09971396384524953,0.4954408882677504
rho_gain,q_iqr,49,-0.09894371703424745,0.49879379114819666
rho_gain,between_range_q,49,-0.09495140185237239,0.5163576517563876
rho_gain,n_types_near_best_050,49,-0.08721000828484701,0.5512770053146313
rho_gain,q_range,49,-0.08230221724745979,0.5739810253711379
rho_gain,best_hist_entropy,49,-0.07811423763352075,0.5936873577602871
rho_gain,cluster_sd_mean,49,0.07061224489795917,0.6297149029130406
rho_gain,remaining,49,0.05466551481316742,0.7091042857661817
rho_gain,counting_my,49,-0.050862577909672524,0.7285375266401054
rho_gain,score_now,49,0.0439280559493067,0.7644037227882658
rho_gain,q_sd_mean,49,0.04326530612244898,0.767858643356461
rho_gain,q_sd_median,49,0.03859112294522728,0.7923484819203928
rho_gain,q_sd_best,49,-0.03729782136596375,0.7991608555280758
rho_gain,no1_mine,49,-0.029636061764651587,0.8398062510969068
rho_gain,rho_cand_risk_l0.5,49,-0.023979591836734693,0.8700875365406151
rho_gain,rho_cand,49,-0.017040816326530612,0.9074823984241474
rho_gain,rho_gain_sd,49,-0.013284297264774972,0.9278156352522855
rho_gain,best_cluster_size,49,0.007535992038240638,0.9590140914942581
screen_loss,best_is_rep,50,-0.4605602793399984,0.0007638044709157308
screen_loss,n_near_best_025,50,-0.44567982338287054,0.001180448731277429
screen_loss,frac_near_best_050,50,-0.3808083018588338,0.006367226946857064
screen_loss,n_near_best_050,50,-0.36986669111688003,0.0082010571329233
screen_loss,best_type_margin,50,0.35861654950786703,0.010547285942029362
screen_loss,q_gap12,50,0.3535176448043873,0.011788111141563315
screen_loss,q_star_minus_median,50,0.33925740909745905,0.015944015711421226
screen_loss,n_types_near_best_050,50,-0.30467457963101247,0.03145089491752219
screen_loss,md_screen_loss,50,0.29777204963417686,0.035710120442044954
screen_loss,q_sd_best,50,0.28269535695474907,0.04668147716385595
screen_loss,y_spread,48,0.26757505376282237,0.06596917879843359
screen_loss,rho_cluster,49,-0.22459238097689155,0.12079243782864887
screen_loss,best_hist_entropy,50,0.22058929630944935,0.12371118069253101
screen_loss,within_sd_q,50,0.2172221711144716,0.1296961551583524
screen_loss,best_p_ge2,50,0.20864364485870493,0.14592537913955772
screen_loss,true_top_cluster_selected,50,-0.20718181942827338,0.1488347149057522
screen_loss,best_cluster_selected,50,-0.19333914324375348,0.17853848822358342
screen_loss,frac_hit,50,0.1876433605368723,0.19192505063510987
screen_loss,mean_cluster_size,50,0.18577650532447837,0.19646428233588265
screen_loss,q_median,50,-0.16684278783803258,0.24684113259176532
screen_loss,n_op,50,0.14225977318151026,0.32437378422192226
screen_loss,rho_cluster_risk_l0.5,49,-0.13678703696912115,0.3486525067755034
screen_loss,n_back_house,50,0.1364707169974411,0.344649934587954
screen_loss,n_front_house,50,0.13269814356594586,0.3582753380633474
screen_loss,n_cand,50,0.12939905601000298,0.3704555807507212
screen_loss,n_cand_ct,50,0.12939905601000298,0.3704555807507212
screen_loss,K_clusters,50,0.12773873433631316,0.37667853493390474
screen_loss,n_op_house,50,0.1270932990152674,0.3791144076173573
screen_loss,topk_overlap_l0.5,50,0.1242177770888036,0.39008018099879294
screen_loss,n_house,50,0.1209600168488516,0.40272649714467235
screen_loss,house_density,50,0.1209600168488516,0.40272649714467235
screen_loss,rep_q_max,50,-0.12078570867850896,0.4034097816452138
screen_loss,n_stones,50,0.12044195742955796,0.4047592482696294
screen_loss,n_types,50,0.11964493690997277,0.4078981555534328
screen_loss,q_range,50,0.11186090660859307,0.43928453065902767
screen_loss,n_within_1.22,50,0.10886043735242115,0.4517319587425677
screen_loss,n_singleton,50,0.10860250683812753,0.45281091878873164
screen_loss,frac_draw,50,-0.10860015940769216,0.452820744891222
screen_loss,singleton_frac,50,0.10789244849513298,0.4557884613477192
screen_loss,type_purity,50,-0.10616578271744748,0.46307333144495516
screen_loss,no1_no2_gap,47,0.09801653995870886,0.5121753843484738
screen_loss,n_my_house,50,0.09337770363621845,0.5189328369676475
screen_loss,q_iqr,50,-0.08750480490568682,0.545668601093661
screen_loss,q_sd_median,50,0.0839482046763811,0.5621748312746239
screen_loss,q_mean,50,-0.08390164336435592,0.5623924620505268
screen_loss,best_cluster_size,50,0.0743355312282107,0.6079180120837437
screen_loss,n_my,50,0.07428209418608692,0.6081767335450382
screen_loss,house_diff,50,-0.07132182281208392,0.6225826954028767
screen_loss,q_sd_mean,50,0.07016617112497082,0.6282451994214553
screen_loss,x_spread,48,0.07002877243944834,0.6362375032631647
screen_loss,best_cluster_rank,50,0.0668813675677339,0.6444553978198444
screen_loss,min_pair_dist,48,-0.06633733327209757,0.6541693146352844
screen_loss,q_star,50,0.0649328823449544,0.6541495584597454
screen_loss,largest_frac,50,0.0604400901459469,0.6767164697796543
screen_loss,frac_guard,50,-0.05507029360035453,0.7040604242073993
screen_loss,q_2nd,50,0.055016570063143914,0.7043359446152228
screen_loss,rho_cand,49,-0.054496747477484536,0.7099629302103784
screen_loss,n_within_0.61,50,0.05427820310731462,0.7081264426817614
screen_loss,counting_op,50,0.05364736854389429,0.7113704701367634
screen_loss,size_entropy_norm,50,-0.05134239493452714,0.7232663554969261
screen_loss,qadj_star_l0.5,50,-0.04903585271760239,0.7352355082679219
screen_loss,rho_cand_risk_l0.5,49,-0.048934813512085826,0.7384542870502864
screen_loss,no1_mine,50,-0.044750064169135656,0.757639572179541
screen_loss,score_now,50,-0.04064443762674914,0.7792886152512746
screen_loss,cluster_sd_mean,50,0.040486024817488295,0.7801273772104624
screen_loss,q_min,50,-0.03981557100161179,0.78368002089372
screen_loss,counting_my,50,-0.029890091150271428,0.8367479040550755
screen_loss,md_rep_q_max,50,-0.0285542747687676,0.8439508608687514
screen_loss,house_mean_nn_dist,47,0.023130746892910645,0.8773520039002085
screen_loss,remaining,50,0.01717939232444723,0.9057405663566882
screen_loss,mean_nn_dist,48,0.011182889242268493,0.9398667416545127
screen_loss,best_p_negative,50,0.009704773341698695,0.9466700984300003
screen_loss,rho_gain_sd,49,-0.006387496160915393,0.9652562365172073
screen_loss,between_range_q,50,-0.00024013639920471297,0.998679444387128
