game_id,end,shot_num,team,remaining,has_hammer,phase_shot,phase_r,n_stones,n_stones_bin,n_my,n_op,n_my_house,n_op_house,n_house,house_diff,n_my_guard,n_op_guard,n_guard,n_center_guard,center_lane_blocked,n_front_house,n_back_house,n_within_0.61,n_within_1.22,d_no1,no1_mine,d_no2,no1_no2_gap,counting_my,counting_op,score_now,min_pair_dist,mean_nn_dist,x_spread,y_spread,house_mean_nn_dist,house_density,n_cand,q_star,q_2nd,q_gap12,q_median,q_mean,q_min,q_range,q_iqr,q_star_minus_median,n_near_best_025,n_near_best_050,frac_near_best_050,q_sd_mean,q_sd_median,q_sd_best,best_type,n_types,frac_hit,frac_draw,frac_guard,best_type_margin,n_types_near_best_050,best_type_is_hit,best_hist_entropy,best_p_negative,best_p_ge2,qadj_star_l0.5,qadj_best_same_as_q_best_l0.5,qadj_best_type_l0.5,n_cand_ct,K_clusters,n_reps,largest_frac,n_singleton,singleton_frac,size_entropy_norm,mean_cluster_size,type_purity,eta2_q,within_sd_q,between_range_q,best_is_rep,best_cluster_selected,best_cluster_size,rep_q_max,screen_loss,true_top_cluster_selected,rho_cand,rho_cluster,rho_gain,cluster_sd_mean,best_cluster_rank,rho_cluster_risk_l0.5,rho_cand_risk_l0.5,topk_overlap_l0.5,n_seeds_ct,rho_gain_sd,md_best_is_rep,md_best_cluster_selected,md_rep_q_max,md_screen_loss,regret_A1,regret_A1_sd,n_seeds_A1,regret_adj_A1,regret_adj_A1_sd,regret_A5,regret_A5_sd,n_seeds_A5,regret_adj_A5,regret_adj_A5_sd,regret_A2,regret_A2_sd,n_seeds_A2,regret_adj_A2,regret_adj_A2_sd,regret_A7,regret_A7_sd,n_seeds_A7,regret_adj_A7,regret_adj_A7_sd,regret_A9,regret_A9_sd,n_seeds_A9,regret_adj_A9,regret_adj_A9_sd,d_A5_A1,d_A2_A1,d_A2_A5,d_A7_A1,d_A7_A5,d_A7_A2,d_A9_A1,d_A9_A5,d_A9_A2,d_A9_A7,dadj_A5_A1,dadj_A2_A1,dadj_A2_A5,dadj_A7_A1,dadj_A7_A5,dadj_A7_A2,dadj_A9_A1,dadj_A9_A5,dadj_A9_A2,dadj_A9_A7
7977,6,14,0,2,0,late,late_r2-4,14,13-16,7,7,7,7,14,0,0,0,0,0,1,7,7,6,12,0.01418547287785671,0,0.29505560837916645,0.28087013550130974,0,4,-4,0.3036838640352964,0.44159459370705456,0.43508556669292114,0.7336336828849028,0.44159459370705456,1.143625594371477,145,-1.635,-1.79,0.15500000000000003,-3.26,-3.15203448275862,-3.92,2.285,0.625,1.6249999999999998,2,6,0.041379310344827586,1.278533144827586,1.27858,1.47369,Hit,6,0.38620689655172413,0.27586206896551724,0.3310344827586207,0.615,1,1,2.2468739688063124,0.855,0.005,-2.371845,1,Hit,145.0,29.0,4.0,0.3724137931034483,12.0,0.4137931034482759,0.6514810822890371,5.0,0.6344827586206897,0.7527032998271416,0.22978535432956898,2.2075,0.0,0.0,2.0,-2.303,0.6679999999999998,0.0,0.5550744820667763,0.49198369839256495,-0.0630907836742114,0.9204177037165391,12.6,0.45132635689503625,0.5262780112798755,0.9,5,0.061906550535919105,1.0,1.0,-1.6350000000000002,0.0,1.6,0.0,5,1.57375,0.0,0.7779999999999999,0.29275843284182274,5,0.829728,0.326581114552725,1.6,0.0,5,1.57375,0.0,1.445,0.41997023704067427,5,1.4232099999999999,0.400403106881053,1.458,0.4615273556356113,5,1.4349079999999996,0.43586469324780125,-0.8220000000000002,0.0,0.8220000000000002,-0.15500000000000003,0.6670000000000001,-0.15500000000000003,-0.14200000000000013,0.68,-0.14200000000000013,0.0129999999999999,-0.744022,0.0,0.744022,-0.15054000000000012,0.5934819999999998,-0.15054000000000012,-0.13884200000000035,0.6051799999999996,-0.13884200000000035,0.011697999999999764
3926,6,11,1,5,1,mid,mid_r5-8,11,9-12,5,6,5,6,11,-1,0,0,0,0,1,7,4,4,11,0.009360052610127588,0,0.301312957505979,0.2919529048958514,0,1,-1,0.3062448411572414,0.4286427965624183,0.4315171582871523,0.5183962706158578,0.4286427965624183,0.8985629670061606,123,0.425,0.38,0.044999999999999984,-0.955,-0.8897560975609756,-1.81,2.235,0.25250000000000006,1.38,6,8,0.06504065040650407,1.647981300813008,1.60487,2.03823,Hit,6,0.3902439024390244,0.3089430894308943,0.2926829268292683,1.1,1,1,2.6481851518305324,0.465,0.3,-0.594115,1,Hit,123.0,25.0,4.0,0.2601626016260163,9.0,0.36,0.7230757566067733,4.92,0.6666666666666666,0.8572865123976193,0.13826217107010844,2.2125,0.0,0.0,2.0,0.01100000000000001,0.41400000000000003,0.0,0.17268025974690132,0.3142259876020716,0.14154572785517025,1.5353376069885425,15.4,0.2644890822357343,0.17474962206635042,0.9,5,0.04756043800669375,0.0,1.0,0.38,0.044999999999999984,1.9289999999999998,0.10132867313845577,5,1.924475,0.09333192379888024,0.858,0.7527665640821197,5,0.773345,0.6792325293943892,1.855,0.0,5,1.856315,0.0,2.003,0.08273451516749226,5,1.992635,0.07620519667319277,1.538,0.8053694804249786,5,1.4765339999999996,0.8172863635256616,-1.0709999999999997,-0.07399999999999984,0.997,0.07400000000000029,1.145,0.14800000000000013,-0.3909999999999998,0.68,-0.31699999999999995,-0.4650000000000001,-1.15113,-0.06816,1.08297,0.06816,1.21929,0.13632,-0.44794100000000037,0.7031889999999996,-0.37978100000000037,-0.5161010000000004
3883,1,14,0,2,0,late,late_r2-4,1,0-1,0,1,0,0,0,0,0,1,1,0,0,0,0,0,0,,-1,,,0,0,0,,,,,,0.0,37,-0.075,-0.29,0.21499999999999997,-0.74,-0.6963513513513513,-0.965,0.89,0.16000000000000003,0.665,2,6,0.16216216216216217,0.6193887837837838,0.626418,0.953612,Draw,4,0.10810810810810811,0.7027027027027027,0.16216216216216217,0.645,1,0,1.3301170037619596,0.495,0.0,-0.551806,1,Draw,37.0,8.0,4.0,0.21621621621621623,1.0,0.125,0.9389229686062194,4.625,1.0,0.637192193412843,0.0886536661096447,0.61,0.2,1.0,8.0,-0.24699999999999997,0.172,1.0,0.47102282102066806,0.8575004035298935,0.38647758250922537,0.572088631123146,1.6,0.5227298844301179,0.3747478005126444,0.75,5,0.24096883832847663,0.0,1.0,-0.355,0.27999999999999997,0.2149999999999999,0.0,5,0.2007684999999999,0.0,0.38199999999999995,0.2329055602599475,5,0.31957759999999996,0.16383947961053227,0.2799999999999999,0.0,5,0.250121,0.0,0.251,0.020124611797498155,5,0.2228605,0.012349803439731381,0.27199999999999996,0.010954451150103253,5,0.24142599999999997,0.01190611909376855,0.16700000000000004,0.065,-0.10200000000000004,0.03600000000000009,-0.13099999999999995,-0.028999999999999915,0.05700000000000005,-0.10999999999999999,-0.007999999999999952,0.020999999999999963,0.11880910000000006,0.04935250000000008,-0.06945659999999998,0.022092000000000084,-0.09671709999999997,-0.027260499999999993,0.04065750000000007,-0.07815159999999999,-0.008695000000000008,0.018565499999999985
9222,7,5,1,11,1,early,early_r9+,1,0-1,0,1,0,0,0,0,0,0,0,0,0,0,0,0,0,,-1,,,0,0,0,,,,,,0.0,37,1.315,1.29,0.02499999999999991,0.85,0.8502702702702702,0.485,0.83,0.4,0.46499999999999997,8,21,0.5675675675675675,1.9320159459459463,1.94673,2.00394,Draw,4,0.10810810810810811,0.7027027027027027,0.16216216216216217,0.31000000000000005,2,0,2.7324933184373914,0.28,0.475,0.33006500000000005,0,Draw,37.0,8.0,4.0,0.3783783783783784,1.0,0.125,0.8418631136888711,4.625,1.0,0.4550572198803226,0.1610423608293979,0.5325,0.2,0.8,14.0,1.232,0.08299999999999996,1.0,0.08535698879277882,0.41657119924375285,0.33121421045097404,1.7426110815761384,3.6,0.3,0.04749567928221483,0.85,5,0.3177213667744862,0.0,1.0,0.9949999999999999,0.31999999999999995,0.1779999999999999,0.11432410069622237,5,0.19851400000000002,0.1141282058366817,0.44799999999999995,0.1740904937094499,5,0.47346200000000005,0.2008792590276558,0.3419999999999999,0.04919349550499537,5,0.359829,0.05678271022062968,0.14199999999999996,0.20017492350441904,5,0.13376200000000008,0.18297185256891296,0.14699999999999994,0.14927323939675186,5,0.15773500000000001,0.14363037496469888,0.27,0.164,-0.10600000000000004,-0.03599999999999995,-0.306,-0.19999999999999996,-0.030999999999999972,-0.30100000000000005,-0.19499999999999998,0.004999999999999977,0.274948,0.161315,-0.11363300000000004,-0.06475199999999995,-0.3397,-0.22606699999999993,-0.04077900000000001,-0.31572700000000004,-0.202094,0.02397299999999994
7881,2,15,1,1,1,late,r1,12,9-12,6,6,6,6,12,0,0,0,0,0,1,8,4,2,10,0.014822125959525131,0,0.4882572316156722,0.47343510565614705,0,1,-1,0.37762290525867287,0.5234538528574366,0.5080996970342488,0.7532608307201571,0.5234538528574366,0.980250509461266,129,1.72,1.48,0.24,-1.0,-0.8709689922480619,-1.755,3.4749999999999996,0.0,2.7199999999999998,2,2,0.015503875968992248,0.2855194891472868,0.0,2.06678,Hit,6,0.37209302325581395,0.29457364341085274,0.32558139534883723,2.7199999999999998,1,1,2.108873391677536,0.325,0.62,0.6866099999999999,1,Hit,129.0,26.0,4.0,0.8062015503875969,25.0,0.9615384615384615,0.3423769823423499,4.961538461538462,0.5658914728682171,0.01511942008393787,0.5686562666599977,0.160048076923077,0.0,1.0,104.0,0.285,1.435,1.0,0.5667678395997436,1.0,0.43323216040025636,0.0314131494461271,1.0,1.0,0.40123504281621336,0.75,5,0.0,0.0,1.0,-1.0,2.7199999999999998,1.435,0.0,5,1.116415,0.0,2.73,0.2192886225958842,5,1.9385881,0.2055200135845656,2.725,0.0,5,1.7268768499999996,0.0,1.435,0.0,5,1.116415,0.0,1.435,0.0,5,1.116415,0.0,1.295,1.29,-0.004999999999999893,0.0,-1.295,-1.29,0.0,-1.295,-1.29,0.0,0.8221731000000001,0.6104618499999996,-0.21171125000000046,0.0,-0.8221731000000001,-0.6104618499999996,0.0,-0.8221731000000001,-0.6104618499999996,0.0
6406,1,10,0,6,0,mid,mid_r5-8,3,2-4,1,2,1,2,3,-1,0,0,0,0,0,1,2,2,2,0.0022233709268578363,0,0.4384417636357202,0.43621839270886237,0,2,-2,0.4365568471719112,0.6001684149769125,0.5203338332536309,0.14628069668354318,0.6001684149769125,0.2450626273653165,59,-0.385,-0.435,0.04999999999999999,-1.17,-1.073813559322034,-1.655,1.27,0.4724999999999999,0.7849999999999999,5,19,0.3220338983050847,1.7285954237288137,1.7085,1.70786,Draw,6,0.2711864406779661,0.5084745762711864,0.2033898305084746,0.15500000000000003,3,0,2.380744465258137,0.575,0.125,-1.2389299999999999,1,Draw,59.0,12.0,4.0,0.13559322033898305,3.0,0.25,0.9304178119030612,4.916666666666667,0.7966101694915254,0.7852713003680415,0.13800716777469144,0.6591666666666668,0.2,1.0,5.0,-0.5930000000000001,0.20800000000000002,0.4,0.31606729232209474,0.5491481862396549,0.23308089391756023,1.6223655572164717,3.0,0.49230769230769234,0.30537096150973897,0.8,5,0.09975261067747843,1.0,1.0,-0.385,0.0,0.3529999999999999,0.08497058314499206,5,0.39251400000000014,0.039486724414668814,0.43599999999999994,0.2377340951567528,5,0.4577600000000001,0.20152216097119435,0.052000000000000005,0.11627553482998908,5,0.058103000000000016,0.12992225769667032,0.40499999999999997,0.1688564479076828,5,0.3981260000000001,0.1669717008732318,0.28600000000000003,0.19057150888839602,5,0.2927130000000001,0.18082113353394294,0.08300000000000002,-0.30099999999999993,-0.38399999999999995,0.052000000000000046,-0.030999999999999972,0.353,-0.06699999999999989,-0.1499999999999999,0.23400000000000004,-0.11899999999999994,0.06524599999999997,-0.3344110000000001,-0.3996570000000001,0.00561199999999995,-0.05963400000000002,0.3400230000000001,-0.09980100000000003,-0.165047,0.2346100000000001,-0.10541299999999998
8452,5,15,1,1,1,late,r1,15,13-16,8,7,8,6,14,2,0,1,1,1,1,11,3,6,13,0.15058174883099099,1,0.3529086573038427,0.2023269084728517,1,0,1,0.29942263131566765,0.36087435508020693,0.4365047461459077,0.6140298865690494,0.33942703497560994,1.143625594371477,153,1.935,1.93,0.0050000000000001155,1.0,0.866732026143791,-1.51,3.4450000000000003,0.0,0.935,2,7,0.0457516339869281,0.26027919215686274,0.0,0.246526,Hit,8,0.35294117647058826,0.2875816993464052,0.35294117647058826,0.49,2,1,0.34698128810061335,0.0,0.935,1.8117370000000002,1,Hit,153.0,31.0,4.0,0.803921568627451,30.0,0.967741935483871,0.3383294860212367,4.935483870967742,0.5359477124183006,0.020344098803349194,0.6481282328570886,0.5308536585365855,0.0,1.0,123.0,1.32,0.615,0.0,0.5709861418675929,0.5966984201371583,0.02571227826956546,0.023271849516369278,31.0,0.5966984201371583,0.5161190316579237,1.0,5,0.0,0.0,1.0,1.445,0.49000000000000005,0.615,0.0,5,0.7948870000000001,0.0,0.5529999999999999,0.03978064856183216,5,0.7393874,0.0963609133968488,0.49000000000000005,0.0,5,0.6152200000000001,0.0,0.615,0.0,5,0.7948870000000001,0.0,0.615,0.0,5,0.7948870000000001,0.0,-0.062000000000000055,-0.12499999999999994,-0.06299999999999989,0.0,0.062000000000000055,0.12499999999999994,0.0,0.062000000000000055,0.12499999999999994,0.0,-0.05549960000000009,-0.17966700000000002,-0.12416739999999993,0.0,0.05549960000000009,0.17966700000000002,0.0,0.05549960000000009,0.17966700000000002,0.0
1028,6,15,1,1,1,late,r1,15,13-16,8,7,8,7,15,1,0,0,0,0,1,11,4,4,12,0.2320554152977253,1,0.23580853301778537,0.0037531177200600674,1,0,1,0.30138272144235656,0.4219444519719928,0.45618251718167874,0.6454421614159812,0.4219444519719928,1.2253131368265826,151,1.0,1.0,0.0,1.0,-0.1473841059602649,-4.71,5.71,2.2125,0.0,94,100,0.6622516556291391,0.5775171390728477,0.0,0.0,Draw,6,0.3708609271523179,0.26490066225165565,0.3576158940397351,0.0,6,0,-0.0,0.0,0.0,1.0,1,Draw,151.0,31.0,4.0,0.8013245033112583,30.0,0.967741935483871,0.3419626486511174,4.870967741935484,0.5695364238410596,0.1074060435462103,1.83986166972737,1.4318595041322313,0.0,1.0,121.0,1.0,0.0,0.0,0.8022782419823502,1.0,0.1977217580176498,0.06525222821159131,31.0,1.0,0.7968310701941422,1.0,5,0.0,0.0,1.0,1.0,0.0,0.2299999999999999,0.0,5,0.5643275,0.0,0.209,0.467338207297456,5,0.350879,0.7845892958771487,0.2299999999999999,0.0,5,0.5643275,0.0,0.2299999999999999,0.0,5,0.5643275,0.0,0.2299999999999999,0.0,5,0.5643275,0.0,-0.020999999999999908,0.0,0.020999999999999908,0.0,0.020999999999999908,0.0,0.0,0.020999999999999908,0.0,0.0,-0.21344849999999999,0.0,0.21344849999999999,0.0,0.21344849999999999,0.0,0.0,0.21344849999999999,0.0,0.0
2596,1,14,0,2,0,late,late_r2-4,14,13-16,7,7,7,7,14,0,0,0,0,0,1,9,5,6,12,0.2050375341272904,1,0.3137797109836782,0.10874217685638779,2,0,2,0.2949209172486073,0.4086926556264054,0.511515288034565,0.6949194110154953,0.4086926556264054,1.143625594371477,145,1.97,1.965,0.004999999999999893,1.51,1.464551724137931,0.65,1.3199999999999998,0.20500000000000007,0.45999999999999996,22,87,0.6,0.9029097379310345,0.779679,0.457275,PostGuard,6,0.38620689655172413,0.27586206896551724,0.3310344827586207,0.07000000000000006,6,0,0.7846218756660164,0.005,0.915,1.7626545,0,PostGuard,145.0,29.0,4.0,0.2482758620689655,10.0,0.3448275862068966,0.7718287674208493,5.0,0.6827586206896552,0.6227440306606409,0.15550286473115024,1.1925000000000001,0.0,0.0,36.0,1.584,0.386,0.0,0.32862855745719755,0.16547921253720013,-0.16314934491999739,0.7456132918273701,12.0,0.059111457227980814,0.315375924709627,0.95,5,0.039063072059235836,0.0,1.0,1.9,0.07000000000000006,1.3199999999999998,0.0,5,1.9754244999999997,0.0,0.5119999999999999,0.10034938963441682,5,1.0695445,0.23279303350830752,0.585,0.0,5,1.2345045,0.0,1.2979999999999998,0.030124740662784113,5,1.9237825000000002,0.07071372078670449,1.015,0.3931761691659351,5,1.6532354999999999,0.38586404186578466,-0.8079999999999999,-0.7349999999999999,0.07300000000000006,-0.02200000000000002,0.7859999999999999,0.7129999999999999,-0.30499999999999994,0.503,0.42999999999999994,-0.2829999999999999,-0.9058799999999998,-0.7409199999999998,0.16496,-0.05164199999999952,0.8542380000000003,0.6892780000000003,-0.32218899999999984,0.583691,0.41873099999999996,-0.2705470000000003
4748,1,3,1,13,1,early,early_r9+,2,2-4,1,1,1,1,2,0,0,0,0,0,0,2,0,1,2,0.34483096172037614,0,0.6299526034901355,0.28512164176975935,0,1,-1,0.9473629474288089,0.9473629474288089,0.4706845,0.05320000000000036,0.9473629474288089,0.16337508491021102,49,0.985,0.935,0.04999999999999993,0.655,0.6210204081632654,0.21,0.775,0.335,0.32999999999999996,17,34,0.6938775510204082,2.0008346938775508,1.99974,1.8721,Hit,6,0.16326530612244897,0.5714285714285714,0.24489795918367346,0.07499999999999996,5,1,2.5908791844822927,0.315,0.4,0.04894999999999994,1,Hit,49.0,10.0,4.0,0.24489795918367346,2.0,0.2,0.9172644747925618,4.9,0.7959183673469388,0.5016459200167448,0.13649265337866348,0.39583333333333337,0.0,0.2,6.0,0.817,0.16799999999999998,0.6,-0.011321814445347736,0.19769777610554184,0.2090195905508896,1.8409855213996387,5.4,0.20484848484848478,-0.032386920210560985,0.9,5,0.13964061448867038,0.0,1.0,0.8550000000000001,0.13,0.22199999999999998,0.06676451153120194,5,0.3371839999999999,0.12169267589916824,0.19199999999999998,0.08671793355471522,5,0.30596299999999993,0.07881575497640059,0.48,0.2126617031813674,5,0.5532849999999999,0.24493011248109123,0.31599999999999995,0.17938784797192928,5,0.35684699999999986,0.20895433285768447,0.4309999999999999,0.20079218112267225,5,0.4958679999999999,0.22633007151061477,-0.03,0.258,0.28800000000000003,0.09399999999999997,0.12399999999999997,-0.16400000000000003,0.2089999999999999,0.2389999999999999,-0.0490000000000001,0.11499999999999994,-0.031220999999999943,0.21610100000000004,0.247322,0.019662999999999986,0.05088399999999993,-0.19643800000000006,0.15868400000000005,0.189905,-0.057416999999999996,0.13902100000000006
9206,3,13,1,3,1,late,late_r2-4,2,2-4,1,1,1,1,2,0,0,0,0,0,1,2,0,1,2,0.28898727765076676,0,1.0431921163505806,0.7542048386998139,0,1,-1,0.7719536419785841,0.7719536419785841,0.347279,0.16845,0.7719536419785841,0.16337508491021102,49,1.73,1.66,0.07000000000000006,-0.315,-0.016734693877551027,-0.855,2.585,0.71,2.045,3,7,0.14285714285714285,1.4927455102040816,1.50652,1.43774,Hit,6,0.16326530612244897,0.5714285714285714,0.24489795918367346,0.07000000000000006,2,1,1.8896205850892915,0.175,0.67,1.01113,1,Hit,49.0,10.0,4.0,0.22448979591836732,3.0,0.3,0.8966247171057129,4.9,0.7551020408163265,0.9076958550348696,0.1944804596004394,2.36625,0.0,1.0,6.0,1.5779999999999998,0.15200000000000005,0.8,0.45578996317535436,0.756937414767151,0.3011474515917967,1.3319387721567015,1.4,0.7430303030303029,0.4680799966456791,1.0,5,0.19162595852486047,0.0,1.0,1.6599999999999997,0.07000000000000006,0.0,0.0,5,0.0,0.0,0.7070000000000001,0.7502966080157899,5,0.6867540000000002,0.8031265552778715,0.07,0.0,5,0.0985250000000002,0.0,0.409,0.17597585061592974,5,0.34923900000000013,0.13631090567155665,0.24799999999999994,0.22126341767223975,5,0.23657800000000004,0.1761778950947025,0.7070000000000001,0.07,-0.637,0.409,-0.2980000000000001,0.33899999999999997,0.24799999999999994,-0.45900000000000013,0.17799999999999994,-0.16100000000000003,0.6867540000000002,0.0985250000000002,-0.588229,0.34923900000000013,-0.33751500000000006,0.25071399999999994,0.23657800000000004,-0.45017600000000013,0.13805299999999984,-0.1126610000000001
5859,1,6,0,10,0,mid,early_r9+,4,2-4,2,2,2,2,4,0,0,0,0,0,1,2,2,4,4,0.21957962268671255,1,0.23572835600413383,0.016148733317421282,1,0,1,0.3852683735972122,0.387977138465162,0.14052261605667565,0.3788128660697798,0.387977138465162,0.32675016982042204,65,-0.015,-0.22,0.20500000000000002,-0.625,-0.6077692307692308,-1.0,0.985,0.20999999999999996,0.61,3,18,0.27692307692307694,1.9285818461538464,1.93285,1.98363,Draw,6,0.24615384615384617,0.46153846153846156,0.27692307692307694,0.245,4,0,2.640499767533917,0.515,0.25,-1.006815,1,Draw,65.0,13.0,4.0,0.36923076923076925,5.0,0.38461538461538464,0.7637573284708598,5.0,0.6615384615384615,0.5417497958483847,0.1290219288708927,0.6625,0.2,0.2,4.0,-0.38000000000000006,0.365,0.2,-0.011507501979876936,-0.14325298133024417,-0.13174547935036723,1.6910889006550058,8.0,-0.06042443447095682,0.020339757882146203,0.9,5,0.1477634458926239,0.0,1.0,-0.26,0.24500000000000002,0.19999999999999998,0.3066145789097446,5,0.17621399999999998,0.29061831270585825,0.64,0.2778938646318051,5,0.6391640000000001,0.2798441695703164,0.363,0.07259476565152612,5,0.337813,0.06637319165144913,0.526,0.08188406438373706,5,0.529155,0.09329507643761276,0.587,0.3477535046552371,5,0.544943,0.3308152102307268,0.44000000000000006,0.163,-0.277,0.32600000000000007,-0.11399999999999999,0.16300000000000003,0.387,-0.05300000000000005,0.22399999999999998,0.06099999999999994,0.4629500000000001,0.161599,-0.3013510000000001,0.35294100000000006,-0.11000900000000002,0.19134200000000007,0.368729,-0.09422100000000011,0.20712999999999998,0.015787999999999913
6871,4,5,1,11,1,early,early_r9+,5,5-8,3,2,3,2,5,1,0,0,0,0,1,3,2,3,5,0.35795637714226186,1,0.4822865077119577,0.12433013056969583,2,0,2,0.39475779758227636,0.48462785532219643,0.30216578722224924,0.49410742394746626,0.48462785532219643,0.40843771227552755,71,1.32,1.18,0.14000000000000012,0.71,0.6915492957746479,0.3,1.02,0.26749999999999985,0.6100000000000001,2,17,0.23943661971830985,2.044839154929577,2.04499,2.0634,Draw,6,0.22535211267605634,0.4225352112676056,0.3380281690140845,0.14000000000000012,4,0,2.7365142754446796,0.24,0.44,0.2883,1,Draw,71.0,15.0,4.0,0.2535211267605634,6.0,0.4,0.8149106051292072,4.733333333333333,0.7323943661971831,0.4060608158512465,0.14750811099378638,0.47666666666666657,0.2,0.4,18.0,0.9410000000000001,0.37900000000000006,0.4,0.1261199136806349,0.15617921678387128,0.03005930310323641,1.768459075580098,6.6,0.11112539115963878,0.15165140302981336,0.9,5,0.3295319096932604,0.0,1.0,1.18,0.14000000000000012,0.475,0.1849324200890693,5,0.47161,0.1756719761373452,0.43900000000000006,0.19291837652230026,5,0.451203,0.1673696760766418,0.2060000000000001,0.14758048651498612,5,0.284882,0.14656754772117872,0.5170000000000001,0.09250675650999772,5,0.5171669999999999,0.10046307372612086,0.499,0.16493938280471407,5,0.508216,0.14074540731405766,-0.03599999999999992,-0.2689999999999999,-0.23299999999999996,0.04200000000000015,0.07800000000000007,0.31100000000000005,0.02400000000000002,0.05999999999999994,0.2929999999999999,-0.018000000000000127,-0.020406999999999953,-0.18672799999999995,-0.166321,0.04555699999999996,0.06596399999999991,0.2322849999999999,0.03660600000000003,0.05701299999999998,0.22333399999999998,-0.008950999999999931
7163,3,13,1,3,1,late,late_r2-4,6,5-8,2,4,2,4,6,-2,0,0,0,0,0,3,3,2,3,0.11160692688825569,0,0.44124018370497436,0.3296332568167187,0,1,-1,0.3741416695796391,0.6963795788748359,1.1808856106690717,0.44364115754364714,0.6963795788748359,0.490125254730633,85,2.465,2.285,0.17999999999999972,0.55,0.6668235294117646,-0.48,2.945,0.39,1.9149999999999998,2,2,0.023529411764705882,1.8312270588235295,1.84529,1.4418,Hit,6,0.3764705882352941,0.4,0.21176470588235294,0.6749999999999998,1,1,2.235501134919471,0.07,0.765,1.7441,1,Hit,85.0,17.0,4.0,0.18823529411764706,6.0,0.35294117647058826,0.886177120017239,5.0,0.7176470588235294,0.7951962103135277,0.2455480313311996,1.8558333333333334,0.0,1.0,6.0,2.0460000000000003,0.41899999999999976,1.0,0.43681927131048204,0.3709270099164163,-0.06589226139406566,1.5732722279530384,2.0,0.35833333333333334,0.4385693469750125,0.95,5,0.12571421756590842,0.0,1.0,1.8799999999999997,0.585,0.6249999999999998,0.0,5,0.597715,0.0,0.7949999999999999,0.16744402049640353,5,0.8667149999999999,0.1690892732774613,0.585,0.0,5,0.6428150000000001,0.0,0.6849999999999998,0.32620928864764115,5,0.766087,0.3270058831389736,0.4959999999999997,0.43593864247162134,5,0.5612029999999998,0.42248255170480137,0.17000000000000015,-0.039999999999999813,-0.20999999999999996,0.06000000000000005,-0.1100000000000001,0.09999999999999987,-0.12900000000000006,-0.2990000000000002,-0.08900000000000025,-0.1890000000000001,0.2689999999999999,0.04510000000000014,-0.22389999999999977,0.16837199999999997,-0.10062799999999994,0.12327199999999983,-0.03651200000000021,-0.3055120000000001,-0.08161200000000035,-0.20488400000000018
5807,0,8,0,8,0,mid,mid_r5-8,6,5-8,3,3,3,3,6,0,0,0,0,0,1,3,3,3,6,0.22126171786949797,1,0.32838561208585276,0.10712389421635479,2,0,2,0.38897009830006246,0.5298505136282948,0.5561160692019926,0.35717060077161505,0.5298505136282948,0.490125254730633,81,0.03,-0.015,0.045,-0.38,-0.3920370370370371,-1.265,1.295,0.24,0.41000000000000003,14,57,0.7037037037037037,2.0142104938271608,2.0267,2.10454,Hit,6,0.2962962962962963,0.3950617283950617,0.2962962962962963,0.045,5,1,2.7537374863723514,0.52,0.24,-1.02227,1,Hit,81.0,17.0,4.0,0.24691358024691357,6.0,0.35294117647058826,0.8212070844630969,4.764705882352941,0.7037037037037037,0.6669240258357457,0.1263290889716596,0.796875,0.0,0.0,6.0,-0.25,0.28,0.6,0.10869320076395561,0.24047034956493177,0.13177714880097616,1.6518028670223857,7.8,0.09026432407397583,0.08922745006405838,0.8,5,0.28244311135053185,0.0,1.0,-0.035,0.065,0.323,0.24089935657863434,5,0.28753899999999993,0.20168278268112044,0.42400000000000004,0.21190799890518525,5,0.345625,0.24369734515890815,0.6140000000000001,0.41788754468158057,5,0.5795239999999999,0.3954468381843507,0.23399999999999999,0.12136721138759016,5,0.22455399999999986,0.11952754381313126,0.706,0.23485101660414423,5,0.64663,0.2399281240288433,0.10100000000000003,0.2910000000000001,0.19000000000000006,-0.08900000000000002,-0.19000000000000006,-0.3800000000000001,0.38299999999999995,0.2819999999999999,0.09199999999999986,0.472,0.05808600000000008,0.291985,0.2338989999999999,-0.06298500000000007,-0.12107100000000015,-0.35497000000000006,0.3590910000000001,0.301005,0.06710600000000011,0.4220760000000002
5567,2,15,1,1,1,late,r1,12,9-12,6,6,6,6,12,0,0,0,0,0,1,9,3,6,10,0.14966462332829378,0,0.1927494832574151,0.04308485992912131,0,1,-1,0.29411596195378176,0.41448157103171074,0.5577148116449688,0.5575132212557833,0.41448157103171074,0.980250509461266,129,1.93,1.885,0.04499999999999993,-0.98,-0.13213178294573644,-2.26,4.1899999999999995,2.04,2.91,12,16,0.12403100775193798,0.44366627906976747,0.253722,0.308383,Hit,6,0.37209302325581395,0.29457364341085274,0.32558139534883723,0.05499999999999994,2,1,0.35227393017269426,0.005,0.94,1.7758085,1,Hit,129.0,26.0,4.0,0.8062015503875969,25.0,0.9615384615384615,0.3423769823423499,4.961538461538462,0.5658914728682171,0.14782095256156252,1.1368045200998185,1.076298076923077,0.0,1.0,104.0,1.535,0.395,1.0,0.8319099917993773,0.7211102550927979,-0.11079973670657939,0.05070615581906057,1.0,0.7211102550927979,0.8313921477344147,1.0,5,0.0,0.0,1.0,1.535,0.395,0.395,0.0,5,0.740502,0.0,0.1939999999999999,0.10702803371079936,5,0.41636719999999994,0.1960167238654651,0.395,0.0,5,0.740502,0.0,0.395,0.0,5,0.740502,0.0,0.395,0.0,5,0.740502,0.0,-0.20100000000000012,0.0,0.20100000000000012,0.0,0.20100000000000012,0.0,0.0,0.20100000000000012,0.0,0.0,-0.32413480000000006,0.0,0.32413480000000006,0.0,0.32413480000000006,0.0,0.0,0.32413480000000006,0.0,0.0
2507,3,11,1,5,1,mid,mid_r5-8,10,9-12,5,5,5,4,9,1,0,0,0,0,1,5,4,2,6,0.11571993156997264,0,0.5292780057483966,0.41355807417842394,0,1,-1,0.2927845965893745,0.615557193065499,0.806156484553792,0.9415142559196855,0.5064971014727425,0.7351878820959495,107,1.715,1.665,0.050000000000000044,0.215,0.30014018691588773,-0.31,2.025,0.4175,1.5,3,6,0.056074766355140186,2.118046261682243,2.12441,2.18261,Hit,6,0.3364485981308411,0.3177570093457944,0.3364485981308411,0.9900000000000001,1,1,2.765906397488888,0.275,0.57,0.6236950000000001,1,Hit,107.0,22.0,4.0,0.2803738317757009,8.0,0.36363636363636365,0.7498826311346027,4.863636363636363,0.7009345794392523,0.8243629713652316,0.17823271278451233,1.775,0.4,0.8,2.0,1.465,0.2500000000000001,0.4,0.2659726707522442,0.5045710943435899,0.2385984235913458,1.9577517812859102,3.4,0.5698685956354572,0.2627896476395918,0.85,5,0.09641788805148467,0.0,1.0,1.6649999999999998,0.050000000000000044,0.704,0.5684232577929934,5,0.629793,0.4849028478288203,0.539,0.4850051546117834,5,0.5275630000000001,0.41139587033962793,0.461,0.5559383958677436,5,0.4702780000000001,0.5375047931949072,0.45099999999999996,0.5369520462760152,5,0.40830600000000006,0.464687522473436,0.562,0.4628255610918654,5,0.5027170000000002,0.38794914886812165,-0.16499999999999992,-0.24299999999999994,-0.07800000000000001,-0.253,-0.08800000000000008,-0.010000000000000064,-0.1419999999999999,0.02300000000000002,0.10100000000000003,0.1110000000000001,-0.10222999999999993,-0.15951499999999996,-0.05728500000000003,-0.221487,-0.11925700000000006,-0.06197200000000003,-0.12707599999999986,-0.024845999999999924,0.03243900000000011,0.09441100000000013
7006,3,15,1,1,1,late,r1,14,13-16,7,7,7,7,14,0,0,0,0,0,1,12,2,6,12,0.07914776878750233,0,0.2963113287220048,0.21716355993450243,0,1,-1,0.29027673864614373,0.34740970615113703,0.43869286430681353,0.5694621806169943,0.34740970615113703,1.143625594371477,145,-0.97,-0.97,0.0,-1.0,-0.999758620689655,-1.01,0.040000000000000036,0.0,0.030000000000000027,145,145,1.0,0.008146686206896554,0.0,0.314802,Hit,6,0.38620689655172413,0.27586206896551724,0.3310344827586207,0.030000000000000027,6,1,0.09079313589591118,0.99,0.005,-1.0,0,Draw,145.0,29.0,4.0,0.8068965517241379,28.0,0.9655172413793103,0.33681389250740446,5.0,0.5793103448275863,0.0009331924022359857,0.004301192355585001,0.0002991452991453203,0.0,1.0,117.0,-1.0,0.030000000000000027,1.0,,,,0.0,1.0,,,1.0,5,,0.0,1.0,-1.0,0.030000000000000027,0.03,0.0,5,0.0,0.0,0.03,0.0,5,0.0,0.0,0.03,0.0,5,0.0,0.0,0.03,0.0,5,0.0,0.0,0.03,0.0,5,0.0,0.0,0.0,0.0,0.0,0.0,0.0,0.0,0.0,0.0,0.0,0.0,0.0,0.0,0.0,0.0,0.0,0.0,0.0,0.0,0.0,0.0
1984,6,4,0,12,0,early,early_r9+,3,2-4,1,2,1,2,3,-1,0,0,0,0,1,2,1,3,3,0.4659920091256923,1,0.4762142346529466,0.010222225527254325,1,0,1,0.7752851440960289,0.7877738227350942,0.29910147653771657,0.39344495873699487,0.7877738227350942,0.2450626273653165,59,-0.31,-0.41,0.09999999999999998,-0.75,-0.7399152542372881,-1.09,0.78,0.23749999999999993,0.44,9,36,0.6101694915254238,2.034315593220339,2.02731,1.94008,PostGuard,6,0.2711864406779661,0.5084745762711864,0.2033898305084746,0.09999999999999998,5,0,2.6077736656896047,0.55,0.16,-1.28004,1,PostGuard,59.0,12.0,4.0,0.3389830508474576,4.0,0.3333333333333333,0.7790966612337228,4.916666666666667,0.7627118644067796,0.3338512398881408,0.13750026851786692,0.3425,0.2,0.4,12.0,-0.491,0.181,0.2,0.13792363908325583,0.08753974249210443,-0.050383896591151424,1.6526258702587373,7.6,0.0852803637816312,0.17779706358102101,0.9,5,0.3000974125002971,1.0,1.0,-0.31,0.0,0.342,0.16783920876839242,5,0.386549,0.23233971190909228,0.26299999999999996,0.12853015210447705,5,0.296144,0.13181543462356754,0.34299999999999997,0.08555699854482975,5,0.3749889999999999,0.1382809394584084,0.5040000000000001,0.11588787684654511,5,0.586451,0.1530521242257029,0.25999999999999995,0.08396427811873329,5,0.2485329999999999,0.05384705952974591,-0.07900000000000007,0.0009999999999999454,0.08000000000000002,0.1620000000000001,0.24100000000000016,0.16100000000000014,-0.08200000000000007,-0.0030000000000000027,-0.08300000000000002,-0.24400000000000016,-0.09040499999999996,-0.01156000000000007,0.07884499999999989,0.19990199999999997,0.2903069999999999,0.21146200000000004,-0.13801600000000008,-0.047611000000000125,-0.126456,-0.33791800000000005
1845,7,14,0,2,0,late,late_r2-4,3,2-4,2,1,2,1,3,1,0,0,0,0,0,1,2,1,2,0.06426342403607241,1,0.774913088516966,0.7106496644808936,2,0,2,0.7142861975101845,0.9397579341519767,0.3115253058181122,0.7982388155600244,0.9397579341519767,0.2450626273653165,55,1.44,1.255,0.18500000000000005,0.08,0.1587272727272727,-0.6,2.04,1.0875,1.3599999999999999,3,9,0.16363636363636364,1.3914945454545453,1.34235,1.54803,PostGuard,6,0.14545454545454545,0.509090909090909,0.32727272727272727,0.18500000000000005,2,0,2.1232952816879,0.185,0.63,0.6659849999999999,1,PostGuard,55.0,11.0,4.0,0.2545454545454545,2.0,0.18181818181818182,0.8888635157830519,5.0,0.7454545454545455,0.4868412831636076,0.38765766759231596,1.1738888888888888,0.0,1.0,9.0,0.9819999999999999,0.458,1.0,0.5939674358574625,0.8175959566906483,0.22362852083318577,1.216410973797221,1.2,0.7666974193201821,0.5732091672706677,0.9,5,0.10243896706963398,0.0,1.0,1.005,0.43500000000000005,0.43499999999999994,0.0,5,0.550505,0.0,0.476,0.35783026702614185,5,0.516903,0.409621965744026,0.43499999999999994,0.0,5,0.550505,0.0,0.36,0.26853770684952233,5,0.45734700000000006,0.30050443327844595,0.79,0.4549725266430931,5,0.820009,0.401785960500115,0.041000000000000036,0.0,-0.041000000000000036,-0.07499999999999996,-0.11599999999999999,-0.07499999999999996,0.3550000000000001,0.31400000000000006,0.3550000000000001,0.43000000000000005,-0.03360200000000002,0.0,0.03360200000000002,-0.09315799999999996,-0.05955599999999994,-0.09315799999999996,0.26950399999999997,0.303106,0.26950399999999997,0.36266199999999993
5780,2,6,0,10,0,mid,early_r9+,2,2-4,1,1,1,1,2,0,0,0,0,0,0,1,1,1,2,0.5942243752733481,1,0.871516726423538,0.2772923511501898,1,0,1,1.1165099888711258,1.1165099888711258,0.2115965,0.5166000000000004,1.1165099888711258,0.16337508491021102,49,-0.375,-0.485,0.10999999999999999,-0.86,-0.8423469387755101,-1.19,0.815,0.30500000000000005,0.485,8,25,0.5102040816326531,1.9552791836734695,1.96632,1.8315,Hit,6,0.16326530612244897,0.5714285714285714,0.24489795918367346,0.135,4,1,2.4484871580882523,0.615,0.13,-1.29075,1,Hit,49.0,10.0,4.0,0.20408163265306123,2.0,0.2,0.9270973315923852,4.9,0.7551020408163265,0.33941558395747295,0.16090823216864633,0.42833333333333334,0.4,0.8,6.0,-0.602,0.227,0.8,0.17218506420818097,0.5352671907213689,0.36308212651318794,1.8378764992724368,2.0,0.5418181818181818,0.21901940789446717,0.85,5,0.19926129532606485,0.0,1.0,-0.65,0.275,0.327,0.3147141560209836,5,0.3727229999999999,0.3279690525720376,0.30199999999999994,0.0968633057457777,5,0.2454889999999999,0.16995254625924258,0.375,0.0,5,0.43103999999999976,0.0,0.37899999999999995,0.2887992382261421,5,0.3915679999999999,0.34943160626580416,0.27299999999999996,0.27949955277245075,5,0.2901369999999999,0.30876914389232607,-0.025000000000000078,0.04799999999999999,0.07300000000000006,0.051999999999999935,0.07700000000000001,0.003999999999999948,-0.05400000000000005,-0.02899999999999997,-0.10200000000000004,-0.10599999999999998,-0.127234,0.05831699999999984,0.18555099999999985,0.018845,0.14607900000000001,-0.03947199999999984,-0.08258599999999999,0.04464800000000002,-0.14090299999999983,-0.101431
8645,7,5,1,11,1,early,early_r9+,5,5-8,3,2,3,2,5,1,0,0,0,0,1,2,3,4,5,0.17290126144421308,0,0.2849665692954158,0.11206530785120272,0,1,-1,0.4110911396685798,0.47239452410947597,0.13639162107302044,0.5006172885548416,0.47239452410947597,0.40843771227552755,71,0.92,0.835,0.08500000000000008,0.615,0.5590845070422535,0.14,0.78,0.33999999999999997,0.30500000000000005,26,50,0.704225352112676,1.9847581690140845,1.99539,1.96306,Hit,6,0.22535211267605634,0.4225352112676056,0.3380281690140845,0.08500000000000008,5,1,2.627995868630726,0.355,0.4,-0.061529999999999974,1,Hit,71.0,15.0,4.0,0.2535211267605634,5.0,0.3333333333333333,0.8208649290372108,4.733333333333333,0.7323943661971831,0.5599977007242687,0.12711378667266152,0.4450000000000001,0.2,0.4,2.0,0.8119999999999999,0.10800000000000003,0.4,0.2041493676432568,0.18565291269389012,-0.01849645494936672,1.6368024123055442,5.6,0.11717542627893665,0.17423167541908774,0.9,5,0.136127629111845,1.0,1.0,0.9200000000000002,0.0,0.14100000000000001,0.08919080670113934,5,0.12675599999999998,0.09150621518509001,0.267,0.20367253128490354,5,0.23534099999999997,0.23880191352876556,0.27,0.13148193792304708,5,0.3011500000000001,0.10485878879474049,0.277,0.07653430603330771,5,0.274847,0.07545966642849676,0.294,0.17056523678639798,5,0.287315,0.19047613252714898,0.126,0.129,0.0030000000000000027,0.136,0.010000000000000009,0.007000000000000006,0.15299999999999997,0.02699999999999997,0.023999999999999966,0.01699999999999996,0.10858499999999999,0.1743940000000001,0.06580900000000012,0.14809100000000003,0.03950600000000004,-0.026303000000000076,0.160559,0.05197400000000002,-0.013835000000000097,0.012467999999999979
6132,0,13,1,3,1,late,late_r2-4,7,5-8,4,3,4,3,7,1,0,0,0,0,1,4,3,5,6,0.06325034617486476,1,0.3061811460965566,0.24293079992169186,3,0,3,0.29758690487990336,0.5458766033556187,0.3969943315187402,0.6004004259063885,0.5458766033556187,0.5718127971857385,87,2.62,2.485,0.13500000000000023,2.175,2.109425287356322,1.445,1.175,0.4025000000000001,0.4450000000000003,9,52,0.5977011494252874,1.2564643678160918,1.16859,1.16859,Draw,6,0.27586206896551724,0.367816091954023,0.3448275862068966,0.13500000000000023,6,0,2.130222588187827,0.025,0.85,2.035705,1,Draw,87.0,18.0,4.0,0.27586206896551724,6.0,0.3333333333333333,0.7935042088277037,4.833333333333333,0.735632183908046,0.6939751927743896,0.12047301259283347,0.8410416666666667,0.2,1.0,19.0,2.334,0.2860000000000002,0.0,0.33763391453900404,0.6202692724202625,0.2826353578812585,1.0626572446068336,6.0,0.5815401111260343,0.3608765753819232,0.75,5,0.13645076467733055,0.0,1.0,2.335,0.28500000000000014,0.7050000000000001,0.0,5,0.7873700000000001,0.0,0.2960000000000001,0.21149468078417474,5,0.21364610000000014,0.25328380631255315,0.6600000000000001,0.0,5,0.9386050000000001,0.0,0.2710000000000001,0.19910424405320956,5,0.24633200000000005,0.19017769679302576,0.4090000000000001,0.25923927171630456,5,0.44834300000000005,0.3482844710434273,-0.409,-0.04499999999999993,0.36400000000000005,-0.434,-0.025000000000000022,-0.38900000000000007,-0.296,0.11299999999999999,-0.25100000000000006,0.138,-0.5737239,0.151235,0.7249589,-0.5410380000000001,0.03268589999999991,-0.6922730000000001,-0.3390270000000001,0.2346968999999999,-0.4902620000000001,0.202011
3339,4,10,0,6,0,mid,mid_r5-8,5,5-8,3,2,3,2,5,1,0,0,0,0,1,2,3,1,2,0.1904200005146532,0,0.9896158927200006,0.7991958922053475,0,2,-2,0.3519618986481325,0.7397810485470547,0.7001852360608298,0.6214209986796387,0.7397810485470547,0.40843771227552755,71,-0.305,-0.36,0.05499999999999999,-0.945,-0.91,-1.465,1.1600000000000001,0.28500000000000003,0.6399999999999999,4,21,0.29577464788732394,1.8555540845070426,1.85331,1.77256,Freeze,6,0.22535211267605634,0.4225352112676056,0.3380281690140845,0.15500000000000003,5,0,2.4107779917943883,0.55,0.115,-1.19128,1,Freeze,71.0,15.0,4.0,0.2535211267605634,4.0,0.26666666666666666,0.840821621612472,4.733333333333333,0.7183098591549296,0.6274223193375711,0.12486322562462022,0.866,0.0,0.0,3.0,-0.595,0.29000000000000004,0.8,0.13767654072092464,0.23872757100448813,0.10105103028356348,1.61769988240715,9.4,0.2514886008166396,0.15327570191074363,0.9,5,0.1410015330407154,0.0,1.0,-0.67,0.36500000000000005,0.3509999999999999,0.10956733089748966,5,0.4472299999999999,0.09433970797071609,0.177,0.1961058387708025,5,0.19621500000000003,0.19209371046445015,0.5149999999999999,0.16105123408406402,5,0.5386650000000001,0.19203848872036053,0.24,0.330567693521312,5,0.272852,0.3448660294338948,0.2919999999999999,0.16543881044059766,5,0.31556,0.14276736641298673,-0.17399999999999993,0.16399999999999998,0.3379999999999999,-0.11099999999999993,0.063,-0.2749999999999999,-0.059,0.11499999999999994,-0.22299999999999998,0.051999999999999935,-0.2510149999999999,0.09143500000000016,0.34245000000000003,-0.17437799999999992,0.07663699999999996,-0.2658130000000001,-0.1316699999999999,0.11934499999999998,-0.22310500000000005,0.042708000000000024
3566,6,14,0,2,0,late,late_r2-4,12,9-12,6,6,6,6,12,0,0,0,0,0,1,7,5,8,11,0.11112070014178263,1,0.2941935852301334,0.18307288508835076,1,0,1,0.293653475867388,0.34859873212220066,0.319321270510811,0.49808821591494584,0.34859873212220066,0.980250509461266,129,1.01,1.005,0.0050000000000001155,0.905,0.6829457364341085,-1.26,2.27,0.255,0.10499999999999998,91,108,0.8372093023255814,0.6540406333333333,0.491833,0.264386,Draw,6,0.37209302325581395,0.29457364341085274,0.32558139534883723,0.0050000000000001155,6,0,0.2747433140607801,0.01,0.03,1.0,0,PostGuard,129.0,26.0,4.0,0.2713178294573643,6.0,0.23076923076923078,0.7435424473809369,4.961538461538462,0.6976744186046512,0.9529093466524075,0.08633801264203707,2.2075,0.0,0.2,35.0,0.994,0.016000000000000014,0.6,0.5149482078904664,0.401968708722032,-0.1129794991684343,0.7623254925179657,12.0,0.47443071211037297,0.521524198912951,0.8,5,0.08470771516264314,0.0,1.0,1.0,0.010000000000000009,0.6699999999999999,0.0,5,1.26918,0.0,0.15199999999999997,0.12209627348940671,5,0.425228,0.18462893279189754,0.56,0.0,5,1.115135,0.0,0.992,1.085705991509672,5,1.4703500999999999,1.355149202179247,0.882,0.7875722189107485,5,1.4865540000000002,0.900958105056778,-0.518,-0.10999999999999988,0.4080000000000001,0.32200000000000006,0.8400000000000001,0.43199999999999994,0.21200000000000008,0.73,0.32199999999999995,-0.10999999999999999,-0.843952,-0.154045,0.689907,0.2011700999999999,1.0451221,0.3552150999999999,0.21737400000000018,1.0613260000000002,0.37141900000000017,0.01620390000000027
5523,3,9,1,7,1,mid,mid_r5-8,9,9-12,5,4,5,4,9,1,0,0,0,0,1,5,4,6,9,0.16114699267749127,0,0.30062899078432276,0.13948199810683148,0,3,-3,0.32238576542534886,0.4271299593096109,0.32137624596208947,0.5647353403952661,0.4271299593096109,0.7351878820959495,103,0.74,0.68,0.05999999999999994,-0.195,-0.24616504854368929,-1.075,1.815,0.505,0.935,4,10,0.0970873786407767,1.9581179611650485,1.93845,1.9602,Hit,6,0.3106796116504854,0.3300970873786408,0.34951456310679613,0.655,1,1,2.6795569301034257,0.35,0.37,-0.24009999999999998,1,Hit,103.0,21.0,4.0,0.45631067961165056,11.0,0.5238095238095238,0.618517744018145,4.904761904761905,0.6699029126213593,0.6648862315452172,0.2223888020406907,1.3596153846153847,0.4,0.4,1.0,0.58,0.15999999999999998,0.4,0.3815190449225395,0.463634570969049,0.08211552604650954,1.612338680722209,3.8,0.42529733481541304,0.3501560731756807,0.8,5,0.12278867745914236,1.0,1.0,0.74,0.0,0.04599999999999998,0.10285912696499028,5,0.047966999999999996,0.10725747267673241,0.16999999999999998,0.12267844146385297,5,0.172139,0.14839875502341657,0.0,0.0,5,0.0,0.0,0.348,0.4239781834009859,5,0.331218,0.4015439468725684,0.267,0.30896197176998985,5,0.273754,0.2977193315733797,0.124,-0.04599999999999998,-0.16999999999999998,0.302,0.178,0.348,0.22100000000000003,0.09700000000000003,0.267,-0.08099999999999996,0.12417199999999999,-0.047966999999999996,-0.172139,0.28325100000000003,0.15907900000000003,0.331218,0.22578700000000002,0.10161500000000001,0.273754,-0.057464000000000015
7015,5,14,0,2,0,late,late_r2-4,14,13-16,7,7,7,7,14,0,0,0,0,0,1,9,5,5,14,0.20450949402441743,0,0.2609537093988129,0.05644421537439548,0,3,-3,0.30612015185054137,0.40353114676231117,0.43699906801440813,0.6169548953182415,0.40353114676231117,1.143625594371477,145,-1.135,-1.88,0.7449999999999999,-3.145,-3.050724137931035,-3.735,2.5999999999999996,0.29499999999999993,2.01,1,1,0.006896551724137931,0.9134988758620689,0.803103,1.92789,Draw,6,0.38620689655172413,0.27586206896551724,0.3310344827586207,0.7449999999999999,1,0,2.1862866282116338,0.62,0.0,-2.098945,1,Draw,145.0,29.0,4.0,0.2620689655172414,8.0,0.27586206896551724,0.7499909572142948,5.0,0.7310344827586207,0.8432676040522654,0.13446376219688783,2.4400000000000004,1.0,1.0,1.0,-1.135,0.0,1.0,0.5485784653447335,0.6669895219738126,0.11841105662907903,0.6375211644790701,2.6,0.6105309680714218,0.46450522117512205,0.75,5,0.03061155038920096,1.0,1.0,-1.135,0.0,2.1500000000000004,0.0,5,1.5964740000000002,0.0,1.316,0.9474201813345545,5,0.9544103999999998,0.7725289200866851,0.0,0.0,5,0.0,0.0,1.7340000000000004,0.9694934244232913,5,1.3111419999999998,0.7341791128284023,2.164,0.019170289512680676,5,1.6304368,0.04650547919009082,-0.8340000000000003,-2.1500000000000004,-1.316,-0.4159999999999999,0.41800000000000037,1.7340000000000004,0.01399999999999979,0.8480000000000001,2.164,0.4299999999999997,-0.6420636000000004,-1.5964740000000002,-0.9544103999999998,-0.28533200000000036,0.35673160000000004,1.3111419999999998,0.03396279999999985,0.6760264000000002,1.6304368,0.3192948000000002
743,7,3,1,13,1,early,early_r9+,3,2-4,2,1,2,1,3,1,0,0,0,0,1,2,1,3,3,0.13922010521472836,0,0.39759931451454966,0.2583792092998213,0,1,-1,0.4130406358275671,0.4257335723557047,0.06763700154769002,0.33665912862848374,0.4257335723557047,0.2450626273653165,55,0.98,0.97,0.010000000000000009,0.585,0.5993636363636364,0.18,0.8,0.21499999999999997,0.395,12,43,0.7818181818181819,2.038584909090909,2.0342,2.15861,Draw,6,0.14545454545454545,0.509090909090909,0.32727272727272727,0.16999999999999993,5,0,2.8517002391257953,0.325,0.41,-0.07272499999999993,0,Draw,55.0,11.0,4.0,0.2545454545454545,2.0,0.18181818181818182,0.8621320287650471,5.0,0.7272727272727273,0.5714110355334403,0.10543978975843596,0.4016666666666667,0.2,0.8,6.0,0.7790000000000001,0.20099999999999998,0.8,0.20967989344469684,0.542083549634566,0.33240365618986917,1.812796048787756,2.2,0.5527272727272728,0.1844158291130933,0.8,5,0.08313384824014312,0.0,1.0,0.705,0.275,0.32199999999999995,0.21016660058153866,5,0.2699060000000001,0.16984798561507877,0.2919999999999999,0.2084946042467287,5,0.2796550000000001,0.15914567073125177,0.41,0.09676001240181811,5,0.3809270000000001,0.10397221621664128,0.2889999999999999,0.1555795616396961,5,0.2646260000000001,0.15663511433423863,0.24799999999999994,0.14184498581197713,5,0.2099260000000001,0.1402587160125887,-0.030000000000000027,0.08800000000000002,0.11800000000000005,-0.03300000000000003,-0.0030000000000000027,-0.12100000000000005,-0.07400000000000001,-0.043999999999999984,-0.16200000000000003,-0.04099999999999998,0.009749000000000008,0.11102100000000004,0.10127200000000003,-0.005280000000000007,-0.015029000000000015,-0.11630100000000004,-0.05997999999999998,-0.06972899999999999,-0.17100100000000001,-0.05469999999999997
1014,4,15,1,1,1,late,r1,4,2-4,3,1,3,1,4,2,0,0,0,0,1,2,2,3,4,0.20015348392921029,1,0.303902371838388,0.10374888790917769,1,0,1,0.3875847366241334,0.4695474412925491,0.30894739653570075,0.2802547178461065,0.4695474412925491,0.32675016982042204,61,3.325,1.965,1.36,1.0,0.9392622950819672,-0.845,4.17,0.0,2.325,1,1,0.01639344262295082,0.35029099999999996,0.0,1.27255,Draw,6,0.13114754098360656,0.45901639344262296,0.39344262295081966,1.7850000000000001,1,0,1.4712005639088976,0.05,0.91,2.6887250000000003,1,Draw,61.0,13.0,4.0,0.8032786885245902,12.0,0.9230769230769231,0.38388966872551344,4.6923076923076925,0.6229508196721312,0.002848815529457257,0.627431297688799,0.07561224489795915,1.0,1.0,49.0,3.325,0.0,1.0,0.6414621296284959,1.0,0.3585378703715041,0.060107346056755565,13.0,1.0,0.48606216274095654,1.0,5,0.0,0.0,1.0,1.035,2.29,0.0,0.0,5,0.0,0.0,1.8700000000000003,0.4342090510341764,5,1.7861540000000005,0.1663887502357056,2.29,0.0,5,2.2180350000000004,0.0,0.0,0.0,5,0.0,0.0,0.0,0.0,5,0.0,0.0,1.8700000000000003,2.29,0.4199999999999997,0.0,-1.8700000000000003,-2.29,0.0,-1.8700000000000003,-2.29,0.0,1.7861540000000005,2.2180350000000004,0.43188099999999996,0.0,-1.7861540000000005,-2.2180350000000004,0.0,-1.7861540000000005,-2.2180350000000004,0.0
3900,0,10,0,6,0,mid,mid_r5-8,3,2-4,2,1,2,1,3,1,0,0,0,0,0,2,1,2,2,0.23096763425815714,0,0.3754381974186974,0.14447056316054024,0,1,-1,0.5290806211246183,0.8823660939115832,0.29515379415947807,0.7685858052293172,0.8823660939115832,0.2450626273653165,55,0.305,0.025,0.27999999999999997,-0.69,-0.6002727272727271,-1.015,1.3199999999999998,0.365,0.9949999999999999,1,6,0.10909090909090909,1.7577809090909087,1.77228,1.74126,Draw,6,0.14545454545454545,0.509090909090909,0.32727272727272727,0.325,4,0,2.4156251680548655,0.43,0.275,-0.5656300000000001,1,Draw,55.0,11.0,4.0,0.32727272727272727,5.0,0.4545454545454545,0.7657424651867702,5.0,0.7636363636363637,0.4660008623571895,0.2051803781030531,0.7649999999999999,0.4,1.0,4.0,0.11100000000000002,0.194,0.2,0.20646979367569251,0.44620932970253985,0.23973953602684736,1.417429674284287,2.4,0.4599264030753062,0.23910326509287966,0.9,5,0.22161674298715078,1.0,1.0,0.305,0.0,0.181,0.2637328193456401,5,0.17004399999999995,0.2476598031170984,0.5479999999999999,0.37746854173559946,5,0.5844409999999999,0.35492702666181963,0.065,0.14534441853748634,5,0.061155999999999974,0.1367489732319771,0.298,0.18222925121944608,5,0.31004399999999993,0.2006981558024388,0.26599999999999996,0.29827420270616767,5,0.26827599999999996,0.2873443288634735,0.36699999999999994,-0.11599999999999999,-0.48299999999999993,0.11699999999999999,-0.24999999999999994,0.23299999999999998,0.08499999999999996,-0.282,0.20099999999999996,-0.03200000000000003,0.4143969999999999,-0.10888799999999997,-0.5232849999999999,0.13999999999999999,-0.27439699999999995,0.24888799999999994,0.09823200000000001,-0.3161649999999999,0.20711999999999997,-0.04176799999999997
4543,6,5,1,11,1,early,early_r9+,5,5-8,3,2,3,2,5,1,0,0,0,0,1,3,2,3,5,0.13130816754219596,0,0.24922206087142698,0.11791389332923102,0,2,-2,0.3312899237877462,0.4848831849415938,0.20299042271219594,0.5178741839481866,0.4848831849415938,0.40843771227552755,71,1.09,0.895,0.19500000000000006,0.535,0.5112676056338027,-0.02,1.11,0.39749999999999996,0.555,5,29,0.4084507042253521,2.008315633802817,1.9956,2.06444,Hit,6,0.22535211267605634,0.4225352112676056,0.3380281690140845,0.19500000000000006,4,1,2.792863151398793,0.285,0.405,0.057780000000000165,1,Hit,71.0,15.0,4.0,0.28169014084507044,8.0,0.5333333333333333,0.7897713487331965,4.733333333333333,0.7183098591549296,0.6311049290877832,0.14930165469692197,0.8480000000000001,0.0,0.0,1.0,0.7350000000000001,0.3550000000000001,0.0,0.1497987118816407,0.12264334427281495,-0.02715536760882579,1.7885988314410255,10.4,0.14672278724478052,0.14789244387280895,0.95,5,0.40691488624026734,1.0,1.0,1.09,0.0,0.491,0.23354335785887814,5,0.4581240000000002,0.2636196831943701,0.4130000000000001,0.08004686127513055,5,0.3507470000000002,0.10790975492280576,0.3700000000000001,0.034641016151377595,5,0.3182310000000002,0.06488799642460849,0.4250000000000001,0.2939175054330722,5,0.3987160000000002,0.318892885060956,0.4630000000000001,0.1510215216450953,5,0.3983290000000002,0.1314371770276584,-0.0779999999999999,-0.12099999999999989,-0.04299999999999998,-0.06599999999999989,0.01200000000000001,0.05499999999999999,-0.027999999999999914,0.04999999999999999,0.09299999999999997,0.03799999999999998,-0.107377,-0.139893,-0.03251599999999999,-0.059408000000000016,0.047968999999999984,0.08048499999999997,-0.05979499999999999,0.04758200000000001,0.080098,-0.0003869999999999707
9231,5,14,0,2,0,late,late_r2-4,8,5-8,3,5,3,5,8,-2,0,0,0,0,1,3,5,6,7,0.2170906649547374,1,0.3487157213103536,0.13162505635561622,1,0,1,0.3306363919610179,0.4961291307266907,0.5643504517403719,0.37330468705201214,0.4961291307266907,0.6535003396408441,101,2.025,1.89,0.135,1.34,1.1734158415841582,-0.41,2.435,0.20999999999999996,0.6849999999999998,5,15,0.1485148514851485,0.9402074455445543,0.746927,0.808934,Hit,6,0.39603960396039606,0.3564356435643564,0.2376237623762376,0.135,3,1,1.6189866875619563,0.015,0.795,1.620533,1,Hit,101.0,21.0,4.0,0.21782178217821785,8.0,0.38095238095238093,0.7858230005670651,4.809523809523809,0.6534653465346535,0.892635436132424,0.12386015911111928,1.9789999999999999,0.0,1.0,20.0,1.597,0.4279999999999998,1.0,0.5822073747566968,0.7624246777943081,0.18021730303761122,0.8441519306642198,3.4,0.718839828774752,0.5393811396632391,0.95,5,0.08496740543750833,0.0,1.0,1.545,0.48,0.2199999999999999,0.0,5,0.2590910000000002,0.0,0.5269999999999999,0.3354959016143119,5,0.766239,0.41814910482685486,0.885,0.0,5,1.215448,0.0,0.32099999999999984,0.08720665112249183,5,0.549325,0.10086455432906054,0.791,0.21019038988498034,5,1.090994,0.27828760407175884,0.30700000000000005,0.6650000000000001,0.3580000000000001,0.10099999999999995,-0.20600000000000007,-0.5640000000000002,0.5710000000000002,0.2640000000000001,-0.09399999999999997,0.4700000000000002,0.5071479999999998,0.9563569999999999,0.4492090000000001,0.29023399999999977,-0.21691400000000005,-0.6661230000000001,0.8319029999999998,0.324755,-0.12445400000000006,0.5416690000000001
1825,5,7,1,9,1,mid,early_r9+,6,5-8,4,2,4,2,6,2,0,0,0,0,1,4,2,2,6,0.37076613593510693,1,0.4836837038561463,0.11291756792103935,3,0,3,0.3278838176807299,0.4877516263453083,0.3648412343952275,0.5405001215438237,0.4877516263453083,0.490125254730633,77,0.865,0.79,0.07499999999999996,0.485,0.47623376623376623,0.125,0.74,0.19499999999999995,0.38,13,60,0.7792207792207793,2.041492597402598,2.04068,2.16259,PostGuard,6,0.2077922077922078,0.38961038961038963,0.38961038961038963,0.07499999999999996,6,0,2.743400760536485,0.395,0.35,-0.21359499999999998,0,Draw,77.0,16.0,4.0,0.3116883116883117,6.0,0.375,0.7503628425033598,4.8125,0.7142857142857143,0.2815576268605569,0.13720374589140355,0.5925,0.0,0.2,2.0,0.713,0.15199999999999997,0.2,0.03824524234497943,0.09016575249730437,0.05192051015232492,1.7715882374536271,8.6,0.1082335621032966,0.042459882399496725,0.9,5,0.248848500251517,0.0,1.0,0.79,0.07499999999999996,0.27599999999999997,0.22631283657804305,5,0.22559699999999996,0.20581833086486737,0.16399999999999998,0.1564608577248636,5,0.13648699999999997,0.15999135951669388,0.13599999999999993,0.13640014662748723,5,0.08957499999999997,0.16791752477034666,0.302,0.11798304963002101,5,0.20194100000000006,0.14732898214540135,0.37099999999999994,0.10478549517943789,5,0.27881500000000004,0.14154233213954046,-0.11199999999999999,-0.14000000000000004,-0.028000000000000053,0.026000000000000023,0.138,0.16600000000000006,0.09499999999999997,0.20699999999999996,0.23500000000000001,0.06899999999999995,-0.08911,-0.13602199999999998,-0.046911999999999995,-0.0236559999999999,0.0654540000000001,0.11236600000000009,0.05321800000000007,0.14232800000000007,0.18924000000000007,0.07687399999999997
4062,4,15,1,1,1,late,r1,10,9-12,4,6,4,6,10,-2,0,0,0,0,1,7,3,5,8,0.1791769327368901,0,0.4447194660871543,0.26554253335026423,0,2,-2,0.32560943672571846,0.47981251108251904,0.4273050123505055,0.5945311880801545,0.47981251108251904,0.8168754245510551,117,-0.475,-0.55,0.07500000000000007,-2.0,-1.926068376068376,-2.62,2.145,0.09499999999999997,1.525,2,2,0.017094017094017096,0.3671345478632479,0.195959,1.89192,Hit,6,0.41025641025641024,0.3247863247863248,0.2564102564102564,1.2650000000000001,1,1,2.059906838057595,0.595,0.285,-1.42096,1,Hit,117.0,24.0,4.0,0.8034188034188035,23.0,0.9583333333333334,0.3499013977135025,4.875,0.6068376068376068,0.015485736840157327,0.32531516563805474,0.09202127659574466,0.0,1.0,94.0,-1.275,0.7999999999999999,1.0,0.4592220984682299,-1.0,-1.45922209846823,0.020079346902315828,24.0,1.0,0.4171813012161919,1.0,5,0.0,0.0,1.0,-1.9950000000000003,1.52,0.7999999999999999,0.0,5,0.2661609999999998,0.0,0.9199999999999999,0.16446884203398535,5,0.45010559999999994,0.2518819865190841,1.52,0.0,5,0.6352260000000003,0.0,0.7999999999999999,0.0,5,0.2661609999999998,0.0,0.7999999999999999,0.0,5,0.2661609999999998,0.0,0.12,0.7200000000000001,0.6000000000000001,0.0,-0.12,-0.7200000000000001,0.0,-0.12,-0.7200000000000001,0.0,0.18394460000000012,0.3690650000000005,0.18512040000000035,0.0,-0.18394460000000012,-0.3690650000000005,0.0,-0.18394460000000012,-0.3690650000000005,0.0
9882,2,11,1,5,1,mid,mid_r5-8,10,9-12,6,4,6,4,10,2,0,0,0,0,1,7,3,5,9,0.12983532815069931,1,0.36821510243877864,0.23837977428807933,1,0,1,0.32519504947709454,0.4062250097905869,0.26896624079436904,0.6688945543955331,0.4062250097905869,0.8168754245510551,109,1.295,1.23,0.06499999999999995,0.235,0.24839449541284403,-0.225,1.52,0.35,1.06,2,2,0.01834862385321101,1.5067004587155959,1.5012,2.01444,Hit,6,0.29357798165137616,0.3119266055045872,0.3853211009174312,0.5349999999999999,1,1,2.7071875474868934,0.285,0.455,0.2877799999999999,1,Hit,109.0,22.0,4.0,0.27522935779816515,8.0,0.36363636363636365,0.7619283396762472,4.954545454545454,0.7155963302752294,0.4397649715321573,0.1932155273145396,1.3691666666666666,0.0,0.2,2.0,0.5549999999999999,0.74,0.2,0.192560217386476,0.05939657269533856,-0.13316364469113745,1.3092995120012598,13.0,0.10848612192313736,0.20067184673972496,0.9,5,0.10121779833891799,1.0,1.0,1.295,0.0,0.985,0.06595452979136456,5,0.845745,0.09634423977332539,0.7689999999999999,0.15200328943809077,5,0.4592509999999999,0.20473171247391062,0.9369999999999999,0.14855975228843113,5,0.688504,0.23987720588876305,0.713,0.4153402219867467,5,0.5115689999999999,0.3460320691135433,1.188,0.1463130206099239,5,1.0221149999999999,0.14424302383477694,-0.21600000000000008,-0.04800000000000004,0.16800000000000004,-0.272,-0.05599999999999994,-0.22399999999999998,0.20299999999999996,0.41900000000000004,0.251,0.475,-0.38649400000000006,-0.15724099999999996,0.2292530000000001,-0.33417600000000003,0.05231800000000003,-0.17693500000000006,0.17636999999999992,0.562864,0.3336109999999999,0.5105459999999999
2998,6,14,0,2,0,late,late_r2-4,14,13-16,7,7,7,7,14,0,0,0,0,0,1,8,6,6,13,0.1062733268510963,1,0.2464067604916716,0.1401334336405753,2,0,2,0.2945573175869181,0.37035405209048333,0.3840961315223029,0.6000006511901231,0.37035405209048333,1.143625594371477,145,2.895,2.82,0.07500000000000018,2.095,2.113586206896552,0.965,1.9300000000000002,0.19500000000000028,0.7999999999999998,7,26,0.1793103448275862,0.6097560344827586,0.523235,0.86254,Hit,6,0.38620689655172413,0.27586206896551724,0.3310344827586207,0.2549999999999999,3,1,1.7002303420711369,0.005,0.955,2.46373,1,Hit,145.0,29.0,4.0,0.30344827586206896,12.0,0.4137931034482759,0.6893186878952323,5.0,0.6896551724137931,0.7308767123197297,0.12395756826181789,1.8850000000000002,0.8,1.0,2.0,2.88,0.015000000000000036,1.0,0.43016138940353155,0.49034262665747325,0.06018123725394172,0.6040483624117539,1.2,0.325661726091382,0.3185375529008361,0.85,5,0.10066956227365789,0.0,1.0,2.82,0.07500000000000018,0.0750000000000001,0.0,5,0.10676349999999998,0.0,0.10700000000000005,0.1063367293083627,5,0.10980870000000001,0.12094198881416245,0.0750000000000001,0.0,5,0.10676349999999998,0.0,0.09300000000000004,0.16917446615846027,5,0.1253477,0.22539532830163098,0.015000000000000019,0.03354101966249689,5,0.0213527,0.04774608870315976,0.03199999999999996,0.0,-0.03199999999999996,0.017999999999999947,-0.014000000000000012,0.017999999999999947,-0.060000000000000074,-0.09200000000000004,-0.060000000000000074,-0.07800000000000003,0.0030452000000000257,0.0,-0.0030452000000000257,0.018584200000000023,0.015538999999999997,0.018584200000000023,-0.08541079999999998,-0.088456,-0.08541079999999998,-0.103995
1555,2,3,1,13,1,early,early_r9+,3,2-4,2,1,2,1,3,1,0,0,0,0,1,1,2,3,3,0.09102162291285526,0,0.3196009187971794,0.22857929588432413,0,1,-1,0.3696884516996605,0.4218933973969054,0.08894981852019461,0.3364325225393983,0.4218933973969054,0.2450626273653165,55,1.1,1.035,0.06500000000000017,0.635,0.6378181818181818,0.18,0.9200000000000002,0.2875000000000001,0.4650000000000001,6,32,0.5818181818181818,2.0203978181818183,2.0025,2.09045,Draw,6,0.14545454545454545,0.509090909090909,0.32727272727272727,0.20000000000000007,5,0,2.725945521189851,0.34,0.405,0.05477500000000002,1,Draw,55.0,11.0,4.0,0.2545454545454545,4.0,0.36363636363636365,0.8678406193235693,5.0,0.7090909090909091,0.5078310945171118,0.13785968962114434,0.4185714285714285,0.2,0.6,6.0,0.9490000000000002,0.1510000000000001,0.4,0.06653501535011266,0.1181175453691228,0.05158253001901011,1.8120807518038688,4.8,0.17090909090909095,0.04722112629058581,0.75,5,0.2440425881660894,0.0,1.0,0.835,0.2650000000000001,0.4530000000000001,0.1265207492864313,5,0.444641,0.1011940957022691,0.402,0.11144505372604033,5,0.350502,0.09305632095671958,0.3830000000000001,0.10825894882179483,5,0.38504,0.12294194534413376,0.35400000000000004,0.13320097597240044,5,0.338544,0.10140618326808283,0.2520000000000001,0.15425628026112906,5,0.29154500000000005,0.1150849649715374,-0.0510000000000001,-0.07,-0.018999999999999906,-0.09900000000000009,-0.04799999999999999,-0.02900000000000008,-0.201,-0.1499999999999999,-0.131,-0.10199999999999992,-0.09413900000000003,-0.059601000000000015,0.03453800000000001,-0.106097,-0.011957999999999969,-0.04649599999999998,-0.15309599999999995,-0.058956999999999926,-0.09349499999999994,-0.04699899999999996
4372,4,14,0,2,0,late,late_r2-4,2,2-4,1,1,1,1,2,0,0,0,0,0,0,1,1,0,0,1.2236985985527629,1,1.49479366134594,0.2710950627931772,1,0,1,1.4798420557951415,1.4798420557951415,0.031505000000000005,0.7392499999999984,1.4798420557951415,0.16337508491021102,49,0.095,0.02,0.075,-0.585,-0.5820408163265306,-1.645,1.74,0.19500000000000006,0.6799999999999999,4,11,0.22448979591836735,0.970169612244898,0.942125,1.24337,Draw,6,0.16326530612244897,0.5714285714285714,0.24489795918367346,0.35,3,0,1.4376272345458077,0.545,0.185,-0.5266850000000001,1,Draw,49.0,10.0,4.0,0.20408163265306123,2.0,0.2,0.9008975084120351,4.9,0.7959183673469388,0.726388206133653,0.14289122740240706,1.1130555555555557,0.8,0.8,10.0,0.077,0.018,1.0,0.5418544201652968,0.8208308868368579,0.27897646667156106,0.7190521367175821,2.8,0.8546477119493799,0.5073641410852334,0.75,5,0.04291014346918022,0.0,1.0,0.02,0.075,0.09,0.0,5,0.0350999999999999,0.0,0.489,0.27559934687876164,5,0.3723755999999999,0.21011064712384278,0.075,0.0,5,0.0737199999999999,0.0,0.13799999999999998,0.17792554622650447,5,0.1388809999999999,0.21075305704781597,0.018,0.04024922359499622,5,0.00701999999999998,0.015697197202048478,0.399,-0.015,-0.414,0.04799999999999999,-0.351,0.06299999999999999,-0.072,-0.471,-0.056999999999999995,-0.11999999999999998,0.3372756,0.038619999999999995,-0.2986556,0.10378099999999998,-0.23349460000000002,0.065161,-0.02807999999999992,-0.36535559999999995,-0.06669999999999991,-0.13186099999999992
3732,7,7,1,9,1,mid,early_r9+,2,2-4,1,1,1,1,2,0,0,0,0,0,0,0,2,1,1,0.1896999378323803,1,1.699079138945564,1.5093792011131837,1,0,1,1.6705290985306456,1.6705290985306456,0.8189659499999999,0.164200000000001,1.6705290985306456,0.16337508491021102,49,1.125,1.075,0.050000000000000044,0.675,0.6903061224489795,0.395,0.73,0.2699999999999999,0.44999999999999996,10,28,0.5714285714285714,1.7577306122448981,1.73735,1.74051,Hit,6,0.16326530612244897,0.5714285714285714,0.24489795918367346,0.13,5,1,2.4917177926322784,0.27,0.425,0.254745,1,Hit,49.0,10.0,4.0,0.20408163265306123,1.0,0.1,0.9146516976658491,4.9,0.8367346938775511,0.2765558320923662,0.14846255851873474,0.4325,0.2,0.6,6.0,1.012,0.11300000000000002,0.6,0.15412205623394182,0.2151730904353278,0.06105103420138601,1.6719574529190808,4.4,0.03999999999999999,0.08360220824734191,0.75,5,0.24697715230138503,0.0,1.0,1.075,0.050000000000000044,0.64,0.11763290356018591,5,0.679585,0.12989443728466582,0.287,0.13437819763637257,5,0.323353,0.1623516663989009,0.31999999999999995,0.1162970334961301,5,0.35427099999999995,0.11254838189640931,0.282,0.23528174599828175,5,0.29203799999999996,0.2172124254215214,0.22599999999999998,0.13207005716664166,5,0.26456,0.09085757095586477,-0.35300000000000004,-0.32000000000000006,0.032999999999999974,-0.35800000000000004,-0.0050000000000000044,-0.03799999999999998,-0.41400000000000003,-0.061,-0.09399999999999997,-0.055999999999999994,-0.356232,-0.32531400000000005,0.030917999999999946,-0.38754700000000003,-0.03131500000000004,-0.06223299999999998,-0.415025,-0.058792999999999984,-0.08971099999999993,-0.027477999999999947
3858,5,5,1,11,1,early,early_r9+,5,5-8,2,3,2,3,5,-1,0,0,0,0,1,3,2,5,5,0.16928769552451267,0,0.30635237800213305,0.13706468247762038,0,1,-1,0.3224110972423283,0.4086597342848524,0.33454077048861114,0.23189008258224555,0.4086597342848524,0.40843771227552755,75,0.885,0.855,0.030000000000000027,0.55,0.5306000000000001,0.19,0.6950000000000001,0.2425,0.33499999999999996,19,58,0.7733333333333333,2.0355146666666664,2.0446,2.04494,Freeze,6,0.32,0.4266666666666667,0.24,0.030000000000000027,6,0,2.7008677045418206,0.335,0.4,-0.11504999999999999,0,Draw,75.0,15.0,4.0,0.17333333333333334,4.0,0.26666666666666666,0.8905378676543461,5.0,0.6933333333333334,0.3022420310548734,0.1331283925143641,0.4058333333333334,0.0,0.2,13.0,0.6890000000000001,0.196,0.8,0.07042948396574245,0.08396588632416054,0.013536402358418086,1.6945219778827485,6.4,0.03261079892372158,0.04107100413747751,0.75,5,0.19230720570738674,0.0,1.0,0.825,0.06000000000000005,0.09599999999999997,0.1037665649426635,5,0.08715399999999993,0.09412950410206146,0.16399999999999998,0.12315640462436375,5,0.14989699999999997,0.14643027933969124,0.2799999999999999,0.08215838362577486,5,0.28970700000000005,0.12218047090267742,0.22499999999999995,0.10056092680559378,5,0.23576799999999992,0.13562258590478213,0.333,0.13017296186228536,5,0.339637,0.1207691399220016,0.068,0.18399999999999994,0.11599999999999994,0.12899999999999998,0.06099999999999997,-0.054999999999999966,0.23700000000000004,0.16900000000000004,0.0530000000000001,0.10800000000000007,0.06274300000000005,0.20255300000000012,0.13981000000000007,0.148614,0.08587099999999995,-0.053939000000000126,0.2524830000000001,0.18974000000000005,0.049929999999999974,0.1038690000000001
1938,0,14,0,2,0,late,late_r2-4,8,5-8,5,3,5,3,8,2,0,0,0,0,1,6,2,4,8,0.17536378199617042,1,0.2550663575150591,0.07970257551888865,1,0,1,0.36961271260739603,0.4132654877912053,0.43494556350823954,0.3318971640433225,0.4132654877912053,0.6535003396408441,93,1.43,1.37,0.05999999999999983,1.005,0.9606451612903226,-0.1,1.53,0.13,0.42500000000000004,6,76,0.8172043010752689,0.8582796451612904,0.653835,1.45434,Hit,6,0.25806451612903225,0.34408602150537637,0.3870967741935484,0.10499999999999998,6,1,2.1842404285098898,0.135,0.485,0.9590015000000001,0,PostGuard,93.0,19.0,4.0,0.3010752688172043,6.0,0.3157894736842105,0.7667484737083854,4.894736842105263,0.7096774193548387,0.5506803402537137,0.13164250314977036,1.2375,0.2,0.2,2.0,1.2959999999999998,0.1339999999999999,0.2,0.13315879352531726,-0.010774895801534517,-0.14393368932685177,0.8730150609078956,14.2,0.13468902134742666,0.13013722450026882,0.75,5,0.26694447415596695,1.0,1.0,1.43,0.0,1.51,0.0,5,1.9450365,0.0,0.8939999999999999,0.571198301818204,5,1.2717305,0.6679443928707689,0.2549999999999999,0.0,5,0.5593015,0.0,1.002,0.7094416818879478,5,1.323633,0.7951891553539321,0.6869999999999999,0.48887114866803105,5,1.0058274999999999,0.4410782242612981,-0.6160000000000001,-1.2550000000000001,-0.639,-0.508,0.1080000000000001,0.7470000000000001,-0.8230000000000001,-0.20699999999999996,0.43200000000000005,-0.31500000000000006,-0.673306,-1.385735,-0.7124290000000001,-0.6214035,0.05190249999999996,0.7643315,-0.9392090000000002,-0.2659030000000002,0.44652599999999987,-0.3178055000000002
9112,3,9,1,7,1,mid,mid_r5-8,5,5-8,2,3,2,3,5,-1,0,0,0,0,1,3,2,3,5,0.27263670740566176,0,0.4167572424913558,0.14412053508569406,0,2,-2,0.4026424871781394,0.4816975836397292,0.2743942961035451,0.45178405195402765,0.4816975836397292,0.40843771227552755,75,0.76,0.695,0.06500000000000006,-0.175,-0.11446666666666667,-0.845,1.605,0.5225,0.935,6,15,0.2,1.950138933333333,1.94689,1.84997,Hit,6,0.32,0.4266666666666667,0.24,0.20499999999999996,2,1,2.545518409768759,0.335,0.35,-0.13746000000000003,0,Hit,75.0,15.0,4.0,0.26666666666666666,4.0,0.26666666666666666,0.8184367681077089,5.0,0.7333333333333333,0.8112000981790903,0.15877626706976117,1.145,0.2,0.6,2.0,0.675,0.085,0.6,0.18303481923769951,0.35489894959388685,0.17186413035618733,1.5583656367057677,3.8,0.42285714285714276,0.21272462018742644,0.85,5,0.15018711111997166,1.0,1.0,0.76,0.0,0.49000000000000005,0.34042253156922503,5,0.48400699999999997,0.37906848504920587,0.33999999999999997,0.06284902544988273,5,0.35063599999999995,0.038616089328154427,0.088,0.16288799833014095,5,0.09109799999999993,0.1579907007389992,0.43099999999999994,0.35847594061526644,5,0.4848049999999999,0.39344586393810266,0.22299999999999995,0.16103571032538092,5,0.23624999999999993,0.15470921384972522,-0.15000000000000008,-0.402,-0.252,-0.05900000000000011,0.09099999999999997,0.34299999999999997,-0.2670000000000001,-0.11700000000000002,0.13499999999999995,-0.208,-0.13337100000000002,-0.39290900000000006,-0.25953800000000005,0.0007979999999999099,0.13416899999999993,0.3937069999999999,-0.24775700000000003,-0.11438600000000002,0.145152,-0.24855499999999994
4157,3,12,0,4,0,late,late_r2-4,9,9-12,4,5,4,5,9,-1,0,0,0,0,1,7,2,5,8,0.15014477030186565,0,0.2838301662332602,0.13368539593139453,0,2,-2,0.39014227154846665,0.45508877043543106,0.35604451128914616,0.5250974787810572,0.45508877043543106,0.7351878820959495,107,-0.705,-0.885,0.18000000000000005,-2.21,-2.1602803738317755,-3.175,2.4699999999999998,0.4275,1.505,2,4,0.037383177570093455,1.5479919626168226,1.53216,1.59937,Hit,6,0.37383177570093457,0.3364485981308411,0.2803738317757009,0.975,1,1,2.262337503311009,0.715,0.1,-1.5046849999999998,1,Hit,107.0,22.0,4.0,0.2803738317757009,9.0,0.40909090909090906,0.7125162126681207,4.863636363636363,0.6635514018691588,0.8006104647590144,0.16345643029102774,2.38,0.6,0.8,2.0,-0.828,0.123,0.8,0.36169206845329616,0.5744175363418202,0.21272546788852412,1.2976820228611117,2.4,0.6580741010174586,0.40858039649097383,0.9,5,0.09059948606085162,1.0,1.0,-0.705,0.0,0.9629999999999999,0.29969984984981224,5,0.8652000000000001,0.2474316349014411,0.5359999999999999,0.5640855431581278,5,0.47832600000000003,0.4923398807658182,0.08699999999999998,0.19453791404248166,5,0.08519,0.1904906310032071,0.7139999999999999,0.4811236847215069,5,0.6526050000000001,0.42961216487955745,0.651,0.5962948096369781,5,0.5814890000000001,0.5316012325206744,-0.42699999999999994,-0.8759999999999999,-0.44899999999999995,-0.249,0.17799999999999994,0.6269999999999999,-0.31199999999999983,0.1150000000000001,0.5640000000000001,-0.06299999999999983,-0.38687400000000005,-0.7800100000000001,-0.39313600000000004,-0.21259499999999998,0.17427900000000007,0.5674150000000001,-0.28371099999999994,0.10316300000000012,0.49629900000000016,-0.07111599999999996
7373,1,11,1,5,1,mid,mid_r5-8,9,9-12,5,4,5,4,9,1,0,0,0,0,1,5,4,5,8,0.17391954061864354,1,0.29915628031014,0.12523673969149648,1,0,1,0.3413374216358329,0.45911725758535954,0.5232465112078367,0.41978098022424154,0.45911725758535954,0.7351878820959495,103,1.175,1.09,0.08499999999999996,0.51,0.5587864077669902,0.155,1.02,0.33999999999999997,0.665,8,31,0.30097087378640774,1.6056432038834951,1.56767,1.30934,Freeze,6,0.3106796116504854,0.3300970873786408,0.34951456310679613,0.08499999999999996,4,0,2.053063474642021,0.17,0.43,0.5203300000000001,1,Freeze,103.0,21.0,4.0,0.2524271844660194,7.0,0.3333333333333333,0.8012102407113731,4.904761904761905,0.7475728155339806,0.48715517243780304,0.15474415036011815,0.7689285714285715,0.0,0.4,2.0,0.958,0.217,0.4,0.1478990233406188,0.26724253532933295,0.11934351198871415,1.45319168975687,5.6,0.04078251130070755,0.10643531201011927,0.8,5,0.23069907789689545,0.0,1.0,1.09,0.08499999999999996,0.19599999999999998,0.19392008663364407,5,0.26726,0.2843607279935118,0.32300000000000006,0.20810454103647044,5,0.5334220000000001,0.19891851936157173,0.8400000000000001,0.0,5,1.066065,0.0,0.36100000000000004,0.2263680631184532,5,0.6366830000000001,0.28609142425542944,0.4590000000000001,0.2821657314416476,5,0.7130040000000002,0.36924832779580746,0.12700000000000009,0.6440000000000001,0.517,0.16500000000000006,0.03799999999999998,-0.47900000000000004,0.2630000000000001,0.136,-0.381,0.09800000000000003,0.26616200000000007,0.798805,0.532643,0.3694230000000001,0.10326100000000005,-0.42938199999999993,0.4457440000000002,0.17958200000000013,-0.35306099999999985,0.07632100000000008
7173,4,15,1,1,1,late,r1,15,13-16,8,7,8,7,15,1,0,0,0,0,1,11,4,8,15,0.15902744462513435,1,0.18730604802034576,0.028278603395211405,2,0,2,0.2947814112185503,0.32118960709931815,0.3684191144793643,0.4702478462352477,0.32118960709931815,1.2253131368265826,151,2.0,2.0,0.0,2.0,1.630298013245033,-0.735,2.735,0.6000000000000001,0.0,99,104,0.6887417218543046,0.21898243841059603,0.0,0.0,Draw,6,0.3708609271523179,0.26490066225165565,0.3576158940397351,0.0,6,0,-0.0,0.0,1.0,2.0,1,Draw,151.0,31.0,4.0,0.8013245033112583,30.0,0.967741935483871,0.3419626486511174,4.870967741935484,0.5695364238410596,0.09372591075460521,0.638892549368582,0.46128099173553716,0.0,1.0,121.0,2.0,0.0,0.0,0.8567231156568432,0.7187952884282609,-0.13792782722858243,0.028467114894076707,31.0,0.7187952884282609,0.8517232614659271,1.0,5,0.0,0.0,1.0,2.0,0.0,0.1599999999999999,0.0,5,0.3433029999999999,0.0,0.08899999999999994,0.08820430828479973,5,0.1942121999999999,0.18489960071029082,0.1599999999999999,0.0,5,0.3433029999999999,0.0,0.1599999999999999,0.0,5,0.3433029999999999,0.0,0.1599999999999999,0.0,5,0.3433029999999999,0.0,-0.07099999999999995,0.0,0.07099999999999995,0.0,0.07099999999999995,0.0,0.0,0.07099999999999995,0.0,0.0,-0.14909080000000002,0.0,0.14909080000000002,0.0,0.14909080000000002,0.0,0.0,0.14909080000000002,0.0,0.0
196,4,4,0,12,0,early,early_r9+,2,2-4,1,1,1,1,2,0,0,0,0,0,1,2,0,1,1,0.3693055984974802,1,1.295667158223902,0.9263615597264219,1,0,1,1.2113145927887519,1.2113145927887519,0.603231745,0.05414999999999992,1.2113145927887519,0.16337508491021102,49,-0.22,-0.385,0.165,-0.695,-0.7033673469387755,-1.385,1.165,0.31999999999999995,0.475,6,28,0.5714285714285714,2.063376326530612,2.07567,1.97271,Hit,6,0.16326530612244897,0.5714285714285714,0.24489795918367346,0.165,5,1,2.639739817605518,0.555,0.19,-1.206355,1,Hit,49.0,10.0,4.0,0.24489795918367346,2.0,0.2,0.905136231522038,4.9,0.7755102040816326,0.47031645008179945,0.15820778059209878,0.8883333333333333,0.0,0.2,6.0,-0.518,0.298,0.0,0.06869411449184212,0.021814491942942917,-0.046879622548899214,1.8432350676917888,7.2,-0.025454545454545462,0.0748790869334888,0.9,5,0.3820347683012641,0.0,1.0,-0.385,0.165,0.323,0.18253766734567414,5,0.412317,0.23924898629879293,0.434,0.17893434550135978,5,0.43011199999999994,0.18958208306693966,0.442,0.15678807352601792,5,0.45852799999999994,0.17049643411227114,0.426,0.16580862462489704,5,0.5245029999999999,0.19078043156990712,0.33399999999999996,0.11507606180261817,5,0.33509599999999995,0.10911013921721482,0.11099999999999999,0.119,0.008000000000000007,0.10299999999999998,-0.008000000000000007,-0.016000000000000014,0.010999999999999954,-0.10000000000000003,-0.10800000000000004,-0.09200000000000003,0.01779499999999995,0.04621099999999995,0.028415999999999997,0.11218599999999995,0.094391,0.065975,-0.07722100000000004,-0.09501599999999999,-0.12343199999999999,-0.189407
2630,2,14,0,2,0,late,late_r2-4,4,2-4,2,2,1,2,3,-1,0,0,0,0,1,2,1,2,2,0.19699501275159267,0,0.5155714188199354,0.3185764060683427,0,2,-2,0.6564024063217645,0.9229310770532257,0.8572641003758337,0.41546485110054937,0.8479735268799274,0.2450626273653165,59,-1.07,-1.075,0.004999999999999893,-2.58,-2.197457627118644,-2.85,1.78,1.3625000000000003,1.51,11,16,0.2711864406779661,0.7211799152542373,0.57426,0.886059,Hit,6,0.2711864406779661,0.5084745762711864,0.2033898305084746,0.004999999999999893,3,1,1.353112525394352,0.88,0.0,-1.5130295,1,Hit,59.0,12.0,4.0,0.20338983050847456,2.0,0.16666666666666666,0.912770682506215,4.916666666666667,0.7966101694915254,0.928598687853522,0.1521092595257259,1.5700000000000003,0.2,0.6,6.0,-1.09,0.019999999999999928,1.0,0.7783620126582333,0.865698701605637,0.0873366889474034,0.7406926485576627,4.2,0.8243940113711978,0.7827671779707682,0.85,5,0.07233780668814105,0.0,1.0,-1.155,0.08499999999999996,0.1099999999999998,0.0,5,0.5355305000000001,0.0,0.2539999999999999,0.04277849927241491,5,0.39418849999999994,0.029415621190109178,0.375,0.0,5,0.6278455000000003,0.0,0.10099999999999983,0.10095791202278304,5,0.43742749999999997,0.17316755547734675,0.1969999999999999,0.11514121764164215,5,0.5110854999999999,0.14458318198359038,0.14400000000000007,0.2650000000000002,0.12100000000000011,-0.00899999999999998,-0.15300000000000008,-0.2740000000000002,0.08700000000000009,-0.056999999999999995,-0.1780000000000001,0.09600000000000007,-0.1413420000000002,0.09231500000000015,0.23365700000000034,-0.09810300000000016,0.04323900000000003,-0.1904180000000003,-0.024445000000000272,0.11689699999999992,-0.11676000000000042,0.07365799999999989
5731,2,10,0,6,0,mid,mid_r5-8,2,2-4,1,1,0,1,1,-1,0,0,0,0,0,1,0,0,0,1.455355535565107,0,,,0,1,-1,3.4558268290526355,3.4558268290526355,1.6971599999999998,0.32454999999999856,,0.08168754245510551,43,-0.555,-0.59,0.03499999999999992,-1.145,-1.0958139534883722,-1.45,0.8949999999999999,0.2975000000000001,0.59,6,16,0.37209302325581395,1.6846786046511628,1.67929,1.41314,Hit,5,0.18604651162790697,0.6511627906976745,0.13953488372093023,0.21499999999999997,3,1,2.0391477645679075,0.675,0.075,-1.26157,1,Hit,43.0,9.0,4.0,0.23255813953488375,2.0,0.22222222222222224,0.9121752454045418,4.777777777777778,0.8604651162790697,0.6540452874443362,0.12754367856311383,0.6325000000000001,0.2,0.6,6.0,-0.772,0.21699999999999992,0.6,0.1298199787110083,0.3721768016783356,0.24235682296732727,1.4728938725460656,3.0,0.4666666666666666,0.1983688923933494,0.85,5,0.18911596965075625,0.0,1.0,-0.72,0.16499999999999992,0.5810000000000001,0.15428869044748555,5,0.829637,0.16982489075515406,0.3829999999999999,0.2036418424587639,5,0.47024099999999985,0.29456326012844847,0.3409999999999999,0.09838699100999074,5,0.4422649999999999,0.13808837795049952,0.35299999999999987,0.18143869488066763,5,0.44974099999999984,0.21857608124518116,0.3379999999999999,0.1050951949424901,5,0.42636299999999994,0.17364633092870116,-0.19800000000000018,-0.24000000000000016,-0.04199999999999998,-0.2280000000000002,-0.030000000000000027,0.011999999999999955,-0.24300000000000016,-0.044999999999999984,-0.0030000000000000027,-0.014999999999999958,-0.3593960000000001,-0.38737200000000005,-0.027975999999999945,-0.3798960000000001,-0.020500000000000018,0.007475999999999927,-0.403274,-0.04387799999999992,-0.01590199999999997,-0.0233779999999999
9518,4,5,1,11,1,early,early_r9+,5,5-8,3,2,3,2,5,1,0,0,0,0,1,3,2,4,5,0.13302576473002822,0,0.18792247478364624,0.054896710053618014,0,2,-2,0.3174027137653952,0.413007230766285,0.147266450555249,0.45911124839193435,0.413007230766285,0.40843771227552755,71,0.985,0.905,0.07999999999999996,0.345,0.3641549295774648,-0.205,1.19,0.37500000000000006,0.64,4,22,0.30985915492957744,2.0161205633802823,1.99624,1.98363,Hit,6,0.22535211267605634,0.4225352112676056,0.3380281690140845,0.24,3,1,2.6967769817842706,0.325,0.41,0.009689999999999976,0,Hit,71.0,15.0,4.0,0.22535211267605634,3.0,0.2,0.8792806682496563,4.733333333333333,0.7183098591549296,0.6578774903693747,0.14251187228907028,0.746875,0.0,0.4,16.0,0.724,0.261,0.8,0.24504919798587693,0.44190671395282877,0.19685751596695183,1.8965813795747735,6.0,0.5254749664964893,0.2532506342153629,0.85,5,0.10305796344753525,0.0,1.0,0.845,0.14,0.32999999999999996,0.059266347955648425,5,0.35006099999999996,0.06220270345812947,0.303,0.17838161340227865,5,0.29702699999999993,0.16140015635060584,0.22400000000000003,0.07668115805072327,5,0.18416100000000002,0.16811522318784816,0.321,0.1633783951445233,5,0.31259999999999993,0.20996577006740882,0.40199999999999986,0.0632060123722419,5,0.3871239999999999,0.04983733432377774,-0.02699999999999997,-0.10599999999999993,-0.07899999999999996,-0.008999999999999952,0.018000000000000016,0.09699999999999998,0.0719999999999999,0.09899999999999987,0.17799999999999983,0.08099999999999985,-0.053034000000000026,-0.16589999999999994,-0.11286599999999991,-0.03746100000000002,0.015573000000000004,0.12843899999999991,0.03706299999999996,0.09009699999999998,0.2029629999999999,0.07452399999999998
8211,7,12,0,4,0,late,late_r2-4,5,5-8,1,4,1,4,5,-3,0,0,0,0,1,3,2,1,5,0.08425626557882765,0,0.645079950443352,0.5608236848645243,0,3,-3,0.6622696041849544,0.7160139694615374,0.4698622552367432,0.4653317758331151,0.7160139694615374,0.40843771227552755,79,-0.815,-0.97,0.15500000000000003,-1.885,-1.8398101265822784,-2.865,2.0500000000000003,0.7525,1.07,4,14,0.17721518987341772,1.8562311392405066,1.83624,1.75806,Draw,6,0.4050632911392405,0.43037974683544306,0.1518987341772152,0.15500000000000003,3,0,2.374916257375404,0.63,0.055,-1.69403,1,Draw,79.0,16.0,4.0,0.24050632911392406,5.0,0.3125,0.8437334362346981,4.9375,0.7215189873417721,0.7395834724107311,0.2405227799117618,1.36125,0.0,0.0,4.0,-1.018,0.203,0.8,0.38394195546260024,0.6809921101973951,0.2970501547347948,1.6766198302869135,13.6,0.7221698889496346,0.43828324615043435,0.85,5,0.10864326775869101,0.0,1.0,-0.97,0.15500000000000003,0.37400000000000005,0.026786190471957773,5,0.3511510000000001,0.07465499074074028,0.45600000000000007,0.14536161804272826,5,0.4240710000000001,0.13708191184470714,0.2439999999999999,0.031304951684997105,5,0.24702499999999988,0.06941873036148104,0.5010000000000001,0.1824965753103329,5,0.5075080000000001,0.16099808304759405,0.4050000000000001,0.1473940297298368,5,0.4116180000000001,0.12817330341182614,0.08200000000000002,-0.13000000000000014,-0.21200000000000016,0.12700000000000006,0.04500000000000004,0.25700000000000023,0.031000000000000028,-0.05099999999999999,0.16100000000000017,-0.09600000000000003,0.07291999999999998,-0.10412600000000022,-0.1770460000000002,0.15635699999999997,0.08343699999999998,0.2604830000000002,0.06046699999999999,-0.012452999999999992,0.1645930000000002,-0.09588999999999998
