game_id,end,shot_num,method,seed,candidate_idx,cluster_id,is_representative,shot_type,label,e_score,e_sd,cluster_value,land_x,land_y
7977,6,14,RandomK,45,22,0,1,"Draw","Draw(CW,L6)",,,,,
7977,6,14,RandomK,45,23,1,1,"Draw","Draw(CCW,L6)",,,,,
7977,6,14,RandomK,45,24,2,1,"Draw","Draw(CW,L7)",,,,,
7977,6,14,RandomK,45,25,3,1,"Draw","Draw(CCW,L7)",,,,,
7977,6,14,RandomK,45,29,4,1,"PreGuard","PreGuard(CCW,G4)",,,,,
7977,6,14,RandomK,45,32,5,1,"Hit","Hit(CW,1,TOUCH)",,,,,
7977,6,14,RandomK,45,44,6,1,"Hit","Hit(CW,3,WEAK)",,,,,
7977,6,14,RandomK,45,45,7,1,"Hit","Hit(CCW,3,WEAK)",,,,,
7977,6,14,RandomK,45,48,8,1,"Hit","Hit(CW,3,STRONG)",,,,,
7977,6,14,RandomK,45,59,9,1,"Hit","Hit(CCW,5,STRONG)",,,,,
7977,6,14,RandomK,45,64,10,1,"Hit","Hit(CW,7,WEAK)",,,,,
7977,6,14,RandomK,45,67,11,1,"Hit","Hit(CCW,7,MIDDLE)",,,,,
7977,6,14,RandomK,45,70,12,1,"Freeze","Freeze(CW,7)",,,,,
7977,6,14,RandomK,45,71,13,1,"Freeze","Freeze(CCW,7)",,,,,
7977,6,14,RandomK,45,77,14,1,"Hit","Hit(CCW,9,MIDDLE)",,,,,
7977,6,14,RandomK,45,84,15,1,"Hit","Hit(CW,11,WEAK)",,,,,
7977,6,14,RandomK,45,89,16,1,"Hit","Hit(CCW,11,STRONG)",,,,,
7977,6,14,RandomK,45,101,17,1,"Freeze","Freeze(CCW,13)",,,,,
7977,6,14,RandomK,45,102,18,1,"PostGuard","PostGuard(CW,0,0)",,,,,
7977,6,14,RandomK,45,105,19,1,"PostGuard","PostGuard(CCW,0,1)",,,,,
7977,6,14,RandomK,45,111,20,1,"PostGuard","PostGuard(CCW,2,1)",,,,,
7977,6,14,RandomK,45,112,21,1,"PostGuard","PostGuard(CW,2,2)",,,,,
7977,6,14,RandomK,45,134,22,1,"PostGuard","PostGuard(CW,10,1)",,,,,
7977,6,14,RandomK,45,136,23,1,"PostGuard","PostGuard(CW,10,2)",,,,,
7977,6,14,RandomK,45,137,24,1,"PostGuard","PostGuard(CCW,10,2)",,,,,
7977,6,14,RandomK,45,138,25,1,"PostGuard","PostGuard(CW,12,0)",,,,,
7977,6,14,RandomK,45,140,26,1,"PostGuard","PostGuard(CW,12,1)",,,,,
7977,6,14,RandomK,45,141,27,1,"PostGuard","PostGuard(CCW,12,1)",,,,,
7977,6,14,RandomK,45,143,28,1,"PostGuard","PostGuard(CCW,12,2)",,,,,
3926,6,11,RandomK,45,14,0,1,"Draw","Draw(CW,L2)",,,,,
3926,6,11,RandomK,45,18,1,1,"Draw","Draw(CW,L4)",,,,,
3926,6,11,RandomK,45,19,2,1,"Draw","Draw(CCW,L4)",,,,,
3926,6,11,RandomK,45,20,3,1,"Draw","Draw(CW,L5)",,,,,
3926,6,11,RandomK,45,32,4,1,"Hit","Hit(CW,0,TOUCH)",,,,,
3926,6,11,RandomK,45,49,5,1,"Hit","Hit(CCW,2,STRONG)",,,,,
3926,6,11,RandomK,45,51,6,1,"Freeze","Freeze(CCW,2)",,,,,
3926,6,11,RandomK,45,57,7,1,"Hit","Hit(CCW,4,MIDDLE)",,,,,
3926,6,11,RandomK,45,58,8,1,"Hit","Hit(CW,4,STRONG)",,,,,
3926,6,11,RandomK,45,60,9,1,"Freeze","Freeze(CW,4)",,,,,
3926,6,11,RandomK,45,68,10,1,"Hit","Hit(CW,6,STRONG)",,,,,
3926,6,11,RandomK,45,82,11,1,"Hit","Hit(CW,10,TOUCH)",,,,,
3926,6,11,RandomK,45,83,12,1,"Hit","Hit(CCW,10,TOUCH)",,,,,
3926,6,11,RandomK,45,85,13,1,"Hit","Hit(CCW,10,WEAK)",,,,,
3926,6,11,RandomK,45,88,14,1,"Hit","Hit(CW,10,STRONG)",,,,,
3926,6,11,RandomK,45,91,15,1,"Freeze","Freeze(CCW,10)",,,,,
3926,6,11,RandomK,45,93,16,1,"PostGuard","PostGuard(CCW,1,0)",,,,,
3926,6,11,RandomK,45,94,17,1,"PostGuard","PostGuard(CW,1,1)",,,,,
3926,6,11,RandomK,45,102,18,1,"PostGuard","PostGuard(CW,3,2)",,,,,
3926,6,11,RandomK,45,104,19,1,"PostGuard","PostGuard(CW,5,0)",,,,,
3926,6,11,RandomK,45,105,20,1,"PostGuard","PostGuard(CCW,5,0)",,,,,
3926,6,11,RandomK,45,111,21,1,"PostGuard","PostGuard(CCW,7,0)",,,,,
3926,6,11,RandomK,45,114,22,1,"PostGuard","PostGuard(CW,7,2)",,,,,
3926,6,11,RandomK,45,117,23,1,"PostGuard","PostGuard(CCW,9,0)",,,,,
3926,6,11,RandomK,45,122,24,1,"Pass","Pass",,,,,
3883,1,14,RandomK,45,0,0,1,"Draw","Draw(CW,TEE)",,,,,
3883,1,14,RandomK,45,2,1,1,"Draw","Draw(CW,S0)",,,,,
3883,1,14,RandomK,45,10,2,1,"Draw","Draw(CW,L0)",,,,,
3883,1,14,RandomK,45,16,3,1,"Draw","Draw(CW,L3)",,,,,
3883,1,14,RandomK,45,19,4,1,"Draw","Draw(CCW,L4)",,,,,
3883,1,14,RandomK,45,22,5,1,"Draw","Draw(CW,L6)",,,,,
3883,1,14,RandomK,45,26,6,1,"PreGuard","PreGuard(CW,G3)",,,,,
3883,1,14,RandomK,45,31,7,1,"PreGuard","PreGuard(CCW,G5)",,,,,
9222,7,5,RandomK,45,0,0,1,"Draw","Draw(CW,TEE)",,,,,
9222,7,5,RandomK,45,5,1,1,"Draw","Draw(CCW,S2)",,,,,
9222,7,5,RandomK,45,6,2,1,"Draw","Draw(CW,S4)",,,,,
9222,7,5,RandomK,45,7,3,1,"Draw","Draw(CCW,S4)",,,,,
9222,7,5,RandomK,45,10,4,1,"Draw","Draw(CW,L0)",,,,,
9222,7,5,RandomK,45,14,5,1,"Draw","Draw(CW,L2)",,,,,
9222,7,5,RandomK,45,20,6,1,"Draw","Draw(CW,L5)",,,,,
9222,7,5,RandomK,45,28,7,1,"PreGuard","PreGuard(CW,G4)",,,,,
7881,2,15,RandomK,45,13,0,1,"Draw","Draw(CCW,L1)",,,,,
7881,2,15,RandomK,45,16,1,1,"Draw","Draw(CW,L3)",,,,,
7881,2,15,RandomK,45,20,2,1,"Draw","Draw(CW,L5)",,,,,
7881,2,15,RandomK,45,21,3,1,"Draw","Draw(CCW,L5)",,,,,
7881,2,15,RandomK,45,22,4,1,"Draw","Draw(CW,L6)",,,,,
7881,2,15,RandomK,45,23,5,1,"Draw","Draw(CCW,L6)",,,,,
7881,2,15,RandomK,45,33,6,1,"Hit","Hit(CCW,2,TOUCH)",,,,,
7881,2,15,RandomK,45,36,7,1,"Hit","Hit(CW,2,MIDDLE)",,,,,
7881,2,15,RandomK,45,37,8,1,"Hit","Hit(CCW,2,MIDDLE)",,,,,
7881,2,15,RandomK,45,38,9,1,"Hit","Hit(CW,2,STRONG)",,,,,
7881,2,15,RandomK,45,41,10,1,"Freeze","Freeze(CCW,2)",,,,,
7881,2,15,RandomK,45,47,11,1,"Hit","Hit(CCW,4,MIDDLE)",,,,,
7881,2,15,RandomK,45,51,12,1,"Freeze","Freeze(CCW,4)",,,,,
7881,2,15,RandomK,45,54,13,1,"Hit","Hit(CW,6,WEAK)",,,,,
7881,2,15,RandomK,45,55,14,1,"Hit","Hit(CCW,6,WEAK)",,,,,
7881,2,15,RandomK,45,56,15,1,"Hit","Hit(CW,6,MIDDLE)",,,,,
7881,2,15,RandomK,45,61,16,1,"Freeze","Freeze(CCW,6)",,,,,
7881,2,15,RandomK,45,68,17,1,"Hit","Hit(CW,8,STRONG)",,,,,
7881,2,15,RandomK,45,70,18,1,"Freeze","Freeze(CW,8)",,,,,
7881,2,15,RandomK,45,79,19,1,"Hit","Hit(CCW,10,STRONG)",,,,,
7881,2,15,RandomK,45,97,20,1,"PostGuard","PostGuard(CCW,5,2)",,,,,
7881,2,15,RandomK,45,99,21,1,"PostGuard","PostGuard(CCW,7,0)",,,,,
7881,2,15,RandomK,45,109,22,1,"PostGuard","PostGuard(CCW,9,2)",,,,,
7881,2,15,RandomK,45,121,23,1,"PostGuard","PostGuard(CCW,13,2)",,,,,
7881,2,15,RandomK,45,122,24,1,"PostGuard","PostGuard(CW,15,0)",,,,,
7881,2,15,RandomK,45,123,25,1,"PostGuard","PostGuard(CCW,15,0)",,,,,
6406,1,10,RandomK,45,6,0,1,"Draw","Draw(CW,S4)",,,,,
6406,1,10,RandomK,45,12,1,1,"Draw","Draw(CW,L1)",,,,,
6406,1,10,RandomK,45,14,2,1,"Draw","Draw(CW,L2)",,,,,
6406,1,10,RandomK,45,16,3,1,"Draw","Draw(CW,L3)",,,,,
6406,1,10,RandomK,45,18,4,1,"Draw","Draw(CW,L4)",,,,,
6406,1,10,RandomK,45,21,5,1,"Draw","Draw(CCW,L5)",,,,,
6406,1,10,RandomK,45,26,6,1,"PreGuard","PreGuard(CW,G3)",,,,,
6406,1,10,RandomK,45,27,7,1,"PreGuard","PreGuard(CCW,G3)",,,,,
6406,1,10,RandomK,45,31,8,1,"PreGuard","PreGuard(CCW,G5)",,,,,
6406,1,10,RandomK,45,32,9,1,"Hit","Hit(CW,7,TOUCH)",,,,,
6406,1,10,RandomK,45,33,10,1,"Hit","Hit(CCW,7,TOUCH)",,,,,
6406,1,10,RandomK,45,54,11,1,"PostGuard","PostGuard(CW,8,1)",,,,,
8452,5,15,RandomK,45,3,0,1,"Draw","Draw(CCW,S0)",,,,,
8452,5,15,RandomK,45,9,1,1,"Draw","Draw(CCW,S6)",,,,,
8452,5,15,RandomK,45,10,2,1,"Draw","Draw(CW,L0)",,,,,
8452,5,15,RandomK,45,24,3,1,"Draw","Draw(CW,L7)",,,,,
8452,5,15,RandomK,45,29,4,1,"PreGuard","PreGuard(CCW,G4)",,,,,
8452,5,15,RandomK,45,30,5,1,"PreGuard","PreGuard(CW,G5)",,,,,
8452,5,15,RandomK,45,43,6,1,"Hit","Hit(CCW,2,TOUCH)",,,,,
8452,5,15,RandomK,45,44,7,1,"Hit","Hit(CW,2,WEAK)",,,,,
8452,5,15,RandomK,45,52,8,1,"Hit","Hit(CW,4,TOUCH)",,,,,
8452,5,15,RandomK,45,54,9,1,"Hit","Hit(CW,4,WEAK)",,,,,
8452,5,15,RandomK,45,59,10,1,"Hit","Hit(CCW,4,STRONG)",,,,,
8452,5,15,RandomK,45,60,11,1,"Freeze","Freeze(CW,4)",,,,,
8452,5,15,RandomK,45,67,12,1,"Hit","Hit(CCW,6,MIDDLE)",,,,,
8452,5,15,RandomK,45,71,13,1,"Freeze","Freeze(CCW,6)",,,,,
8452,5,15,RandomK,45,79,14,1,"Hit","Hit(CCW,8,STRONG)",,,,,
8452,5,15,RandomK,45,88,15,1,"Hit","Hit(CW,10,STRONG)",,,,,
8452,5,15,RandomK,45,90,16,1,"Freeze","Freeze(CW,10)",,,,,
8452,5,15,RandomK,45,92,17,1,"Hit","Hit(CW,12,MIDDLE)",,,,,
8452,5,15,RandomK,45,94,18,1,"Hit","Hit(CW,12,STRONG)",,,,,
8452,5,15,RandomK,45,98,19,1,"PostGuard","PostGuard(CW,1,0)",,,,,
8452,5,15,RandomK,45,99,20,1,"PostGuard","PostGuard(CCW,1,0)",,,,,
8452,5,15,RandomK,45,101,21,1,"PostGuard","PostGuard(CCW,1,1)",,,,,
8452,5,15,RandomK,45,109,22,1,"PostGuard","PostGuard(CCW,3,2)",,,,,
8452,5,15,RandomK,45,113,23,1,"PostGuard","PostGuard(CCW,5,1)",,,,,
8452,5,15,RandomK,45,114,24,1,"PostGuard","PostGuard(CW,5,2)",,,,,
8452,5,15,RandomK,45,118,25,1,"PostGuard","PostGuard(CW,7,1)",,,,,
8452,5,15,RandomK,45,131,26,1,"PostGuard","PostGuard(CCW,11,1)",,,,,
8452,5,15,RandomK,45,132,27,1,"PostGuard","PostGuard(CW,11,2)",,,,,
8452,5,15,RandomK,45,138,28,1,"PostGuard","PostGuard(CW,13,2)",,,,,
8452,5,15,RandomK,45,139,29,1,"PostGuard","PostGuard(CCW,13,2)",,,,,
8452,5,15,RandomK,45,146,30,1,"ComeAround","ComeAround(CW,12,0)",,,,,
1028,6,15,RandomK,45,1,0,1,"Draw","Draw(CCW,TEE)",,,,,
1028,6,15,RandomK,45,13,1,1,"Draw","Draw(CCW,L1)",,,,,
1028,6,15,RandomK,45,14,2,1,"Draw","Draw(CW,L2)",,,,,
1028,6,15,RandomK,45,20,3,1,"Draw","Draw(CW,L5)",,,,,
1028,6,15,RandomK,45,22,4,1,"Draw","Draw(CW,L6)",,,,,
1028,6,15,RandomK,45,26,5,1,"PreGuard","PreGuard(CW,G3)",,,,,
1028,6,15,RandomK,45,30,6,1,"PreGuard","PreGuard(CW,G5)",,,,,
1028,6,15,RandomK,45,32,7,1,"Hit","Hit(CW,0,TOUCH)",,,,,
1028,6,15,RandomK,45,33,8,1,"Hit","Hit(CCW,0,TOUCH)",,,,,
1028,6,15,RandomK,45,34,9,1,"Hit","Hit(CW,0,WEAK)",,,,,
1028,6,15,RandomK,45,39,10,1,"Hit","Hit(CCW,0,STRONG)",,,,,
1028,6,15,RandomK,45,41,11,1,"Freeze","Freeze(CCW,0)",,,,,
1028,6,15,RandomK,45,47,12,1,"Hit","Hit(CCW,2,MIDDLE)",,,,,
1028,6,15,RandomK,45,57,13,1,"Hit","Hit(CCW,4,MIDDLE)",,,,,
1028,6,15,RandomK,45,61,14,1,"Freeze","Freeze(CCW,4)",,,,,
1028,6,15,RandomK,45,67,15,1,"Hit","Hit(CCW,6,MIDDLE)",,,,,
1028,6,15,RandomK,45,68,16,1,"Hit","Hit(CW,6,STRONG)",,,,,
1028,6,15,RandomK,45,69,17,1,"Hit","Hit(CCW,6,STRONG)",,,,,
1028,6,15,RandomK,45,73,18,1,"Hit","Hit(CCW,8,TOUCH)",,,,,
1028,6,15,RandomK,45,78,19,1,"Hit","Hit(CW,8,STRONG)",,,,,
1028,6,15,RandomK,45,88,20,1,"Hit","Hit(CW,10,STRONG)",,,,,
1028,6,15,RandomK,45,90,21,1,"Freeze","Freeze(CW,10)",,,,,
1028,6,15,RandomK,45,97,22,1,"Hit","Hit(CCW,12,MIDDLE)",,,,,
1028,6,15,RandomK,45,105,23,1,"PostGuard","PostGuard(CCW,1,1)",,,,,
1028,6,15,RandomK,45,107,24,1,"PostGuard","PostGuard(CCW,1,2)",,,,,
1028,6,15,RandomK,45,111,25,1,"PostGuard","PostGuard(CCW,3,1)",,,,,
1028,6,15,RandomK,45,121,26,1,"PostGuard","PostGuard(CCW,7,0)",,,,,
1028,6,15,RandomK,45,126,27,1,"PostGuard","PostGuard(CW,9,0)",,,,,
1028,6,15,RandomK,45,140,28,1,"PostGuard","PostGuard(CW,13,1)",,,,,
1028,6,15,RandomK,45,141,29,1,"PostGuard","PostGuard(CCW,13,1)",,,,,
1028,6,15,RandomK,45,143,30,1,"PostGuard","PostGuard(CCW,13,2)",,,,,
2596,1,14,RandomK,45,1,0,1,"Draw","Draw(CCW,TEE)",,,,,
2596,1,14,RandomK,45,2,1,1,"Draw","Draw(CW,S0)",,,,,
2596,1,14,RandomK,45,3,2,1,"Draw","Draw(CCW,S0)",,,,,
2596,1,14,RandomK,45,10,3,1,"Draw","Draw(CW,L0)",,,,,
2596,1,14,RandomK,45,19,4,1,"Draw","Draw(CCW,L4)",,,,,
2596,1,14,RandomK,45,21,5,1,"Draw","Draw(CCW,L5)",,,,,
2596,1,14,RandomK,45,27,6,1,"PreGuard","PreGuard(CCW,G3)",,,,,
2596,1,14,RandomK,45,35,7,1,"Hit","Hit(CCW,1,WEAK)",,,,,
2596,1,14,RandomK,45,39,8,1,"Hit","Hit(CCW,1,STRONG)",,,,,
2596,1,14,RandomK,45,40,9,1,"Freeze","Freeze(CW,1)",,,,,
2596,1,14,RandomK,45,58,10,1,"Hit","Hit(CW,5,STRONG)",,,,,
2596,1,14,RandomK,45,63,11,1,"Hit","Hit(CCW,7,TOUCH)",,,,,
2596,1,14,RandomK,45,64,12,1,"Hit","Hit(CW,7,WEAK)",,,,,
2596,1,14,RandomK,45,68,13,1,"Hit","Hit(CW,7,STRONG)",,,,,
2596,1,14,RandomK,45,79,14,1,"Hit","Hit(CCW,9,STRONG)",,,,,
2596,1,14,RandomK,45,81,15,1,"Freeze","Freeze(CCW,9)",,,,,
2596,1,14,RandomK,45,90,16,1,"Freeze","Freeze(CW,11)",,,,,
2596,1,14,RandomK,45,92,17,1,"Hit","Hit(CW,13,TOUCH)",,,,,
2596,1,14,RandomK,45,110,18,1,"PostGuard","PostGuard(CW,2,1)",,,,,
2596,1,14,RandomK,45,122,19,1,"PostGuard","PostGuard(CW,6,1)",,,,,
2596,1,14,RandomK,45,124,20,1,"PostGuard","PostGuard(CW,6,2)",,,,,
2596,1,14,RandomK,45,126,21,1,"PostGuard","PostGuard(CW,8,0)",,,,,
2596,1,14,RandomK,45,127,22,1,"PostGuard","PostGuard(CCW,8,0)",,,,,
2596,1,14,RandomK,45,128,23,1,"PostGuard","PostGuard(CW,8,1)",,,,,
2596,1,14,RandomK,45,131,24,1,"PostGuard","PostGuard(CCW,8,2)",,,,,
2596,1,14,RandomK,45,133,25,1,"PostGuard","PostGuard(CCW,10,0)",,,,,
2596,1,14,RandomK,45,134,26,1,"PostGuard","PostGuard(CW,10,1)",,,,,
2596,1,14,RandomK,45,136,27,1,"PostGuard","PostGuard(CW,10,2)",,,,,
2596,1,14,RandomK,45,137,28,1,"PostGuard","PostGuard(CCW,10,2)",,,,,
4748,1,3,RandomK,45,0,0,1,"Draw","Draw(CW,TEE)",,,,,
4748,1,3,RandomK,45,12,1,1,"Draw","Draw(CW,L1)",,,,,
4748,1,3,RandomK,45,14,2,1,"Draw","Draw(CW,L2)",,,,,
4748,1,3,RandomK,45,29,3,1,"PreGuard","PreGuard(CCW,G4)",,,,,
4748,1,3,RandomK,45,33,4,1,"Hit","Hit(CCW,0,TOUCH)",,,,,
4748,1,3,RandomK,45,35,5,1,"Hit","Hit(CCW,0,WEAK)",,,,,
4748,1,3,RandomK,45,36,6,1,"Hit","Hit(CW,0,MIDDLE)",,,,,
4748,1,3,RandomK,45,41,7,1,"Freeze","Freeze(CCW,0)",,,,,
4748,1,3,RandomK,45,44,8,1,"PostGuard","PostGuard(CW,3,1)",,,,,
4748,1,3,RandomK,45,45,9,1,"PostGuard","PostGuard(CCW,3,1)",,,,,
9206,3,13,RandomK,45,9,0,1,"Draw","Draw(CCW,S6)",,,,,
9206,3,13,RandomK,45,12,1,1,"Draw","Draw(CW,L1)",,,,,
9206,3,13,RandomK,45,20,2,1,"Draw","Draw(CW,L5)",,,,,
9206,3,13,RandomK,45,31,3,1,"PreGuard","PreGuard(CCW,G5)",,,,,
9206,3,13,RandomK,45,32,4,1,"Hit","Hit(CW,12,TOUCH)",,,,,
9206,3,13,RandomK,45,38,5,1,"Hit","Hit(CW,12,STRONG)",,,,,
9206,3,13,RandomK,45,40,6,1,"Freeze","Freeze(CW,12)",,,,,
9206,3,13,RandomK,45,44,7,1,"PostGuard","PostGuard(CW,11,1)",,,,,
9206,3,13,RandomK,45,47,8,1,"PostGuard","PostGuard(CCW,11,2)",,,,,
9206,3,13,RandomK,45,48,9,1,"Pass","Pass",,,,,
5859,1,6,RandomK,45,4,0,1,"Draw","Draw(CW,S2)",,,,,
5859,1,6,RandomK,45,15,1,1,"Draw","Draw(CCW,L2)",,,,,
5859,1,6,RandomK,45,16,2,1,"Draw","Draw(CW,L3)",,,,,
5859,1,6,RandomK,45,18,3,1,"Draw","Draw(CW,L4)",,,,,
5859,1,6,RandomK,45,28,4,1,"PreGuard","PreGuard(CW,G4)",,,,,
5859,1,6,RandomK,45,29,5,1,"PreGuard","PreGuard(CCW,G4)",,,,,
5859,1,6,RandomK,45,33,6,1,"Hit","Hit(CCW,1,TOUCH)",,,,,
5859,1,6,RandomK,45,34,7,1,"Hit","Hit(CW,1,WEAK)",,,,,
5859,1,6,RandomK,45,37,8,1,"Hit","Hit(CCW,1,MIDDLE)",,,,,
5859,1,6,RandomK,45,39,9,1,"Hit","Hit(CCW,1,STRONG)",,,,,
5859,1,6,RandomK,45,41,10,1,"Freeze","Freeze(CCW,1)",,,,,
5859,1,6,RandomK,45,42,11,1,"Hit","Hit(CW,5,TOUCH)",,,,,
5859,1,6,RandomK,45,54,12,1,"PostGuard","PostGuard(CW,2,1)",,,,,
6871,4,5,RandomK,45,0,0,1,"Draw","Draw(CW,TEE)",,,,,
6871,4,5,RandomK,45,3,1,1,"Draw","Draw(CCW,S0)",,,,,
6871,4,5,RandomK,45,4,2,1,"Draw","Draw(CW,S2)",,,,,
6871,4,5,RandomK,45,5,3,1,"Draw","Draw(CCW,S2)",,,,,
6871,4,5,RandomK,45,6,4,1,"Draw","Draw(CW,S4)",,,,,
6871,4,5,RandomK,45,8,5,1,"Draw","Draw(CW,S6)",,,,,
6871,4,5,RandomK,45,27,6,1,"PreGuard","PreGuard(CCW,G3)",,,,,
6871,4,5,RandomK,45,28,7,1,"PreGuard","PreGuard(CW,G4)",,,,,
6871,4,5,RandomK,45,38,8,1,"Hit","Hit(CW,0,STRONG)",,,,,
6871,4,5,RandomK,45,41,9,1,"Freeze","Freeze(CCW,0)",,,,,
6871,4,5,RandomK,45,43,10,1,"Hit","Hit(CCW,2,TOUCH)",,,,,
6871,4,5,RandomK,45,44,11,1,"Hit","Hit(CW,2,WEAK)",,,,,
6871,4,5,RandomK,45,46,12,1,"Hit","Hit(CW,2,MIDDLE)",,,,,
6871,4,5,RandomK,45,53,13,1,"PostGuard","PostGuard(CCW,1,0)",,,,,
6871,4,5,RandomK,45,70,14,1,"Pass","Pass",,,,,
7163,3,13,RandomK,45,3,0,1,"Draw","Draw(CCW,S0)",,,,,
7163,3,13,RandomK,45,4,1,1,"Draw","Draw(CW,S2)",,,,,
7163,3,13,RandomK,45,11,2,1,"Draw","Draw(CCW,L0)",,,,,
7163,3,13,RandomK,45,14,3,1,"Draw","Draw(CW,L2)",,,,,
7163,3,13,RandomK,45,15,4,1,"Draw","Draw(CCW,L2)",,,,,
7163,3,13,RandomK,45,20,5,1,"Draw","Draw(CW,L5)",,,,,
7163,3,13,RandomK,45,23,6,1,"Draw","Draw(CCW,L6)",,,,,
7163,3,13,RandomK,45,25,7,1,"Draw","Draw(CCW,L7)",,,,,
7163,3,13,RandomK,45,30,8,1,"PreGuard","PreGuard(CW,G5)",,,,,
7163,3,13,RandomK,45,36,9,1,"Hit","Hit(CW,2,MIDDLE)",,,,,
7163,3,13,RandomK,45,38,10,1,"Hit","Hit(CW,2,STRONG)",,,,,
7163,3,13,RandomK,45,45,11,1,"Hit","Hit(CCW,6,WEAK)",,,,,
7163,3,13,RandomK,45,51,12,1,"Freeze","Freeze(CCW,6)",,,,,
7163,3,13,RandomK,45,68,13,1,"Hit","Hit(CW,12,STRONG)",,,,,
7163,3,13,RandomK,45,69,14,1,"Hit","Hit(CCW,12,STRONG)",,,,,
7163,3,13,RandomK,45,70,15,1,"Freeze","Freeze(CW,12)",,,,,
7163,3,13,RandomK,45,75,16,1,"PostGuard","PostGuard(CCW,9,1)",,,,,
5807,0,8,RandomK,45,7,0,1,"Draw","Draw(CCW,S4)",,,,,
5807,0,8,RandomK,45,16,1,1,"Draw","Draw(CW,L3)",,,,,
5807,0,8,RandomK,45,17,2,1,"Draw","Draw(CCW,L3)",,,,,
5807,0,8,RandomK,45,21,3,1,"Draw","Draw(CCW,L5)",,,,,
5807,0,8,RandomK,45,30,4,1,"PreGuard","PreGuard(CW,G5)",,,,,
5807,0,8,RandomK,45,39,5,1,"Hit","Hit(CCW,3,STRONG)",,,,,
5807,0,8,RandomK,45,44,6,1,"Hit","Hit(CW,5,WEAK)",,,,,
5807,0,8,RandomK,45,49,7,1,"Hit","Hit(CCW,5,STRONG)",,,,,
5807,0,8,RandomK,45,55,8,1,"Hit","Hit(CCW,7,WEAK)",,,,,
5807,0,8,RandomK,45,57,9,1,"Hit","Hit(CCW,7,MIDDLE)",,,,,
5807,0,8,RandomK,45,58,10,1,"Hit","Hit(CW,7,STRONG)",,,,,
5807,0,8,RandomK,45,59,11,1,"Hit","Hit(CCW,7,STRONG)",,,,,
5807,0,8,RandomK,45,61,12,1,"Freeze","Freeze(CCW,7)",,,,,
5807,0,8,RandomK,45,70,13,1,"PostGuard","PostGuard(CW,4,1)",,,,,
5807,0,8,RandomK,45,75,14,1,"PostGuard","PostGuard(CCW,6,0)",,,,,
5807,0,8,RandomK,45,79,15,1,"PostGuard","PostGuard(CCW,6,2)",,,,,
5807,0,8,RandomK,45,80,16,1,"Pass","Pass",,,,,
5567,2,15,RandomK,45,2,0,1,"Draw","Draw(CW,S0)",,,,,
5567,2,15,RandomK,45,5,1,1,"Draw","Draw(CCW,S2)",,,,,
5567,2,15,RandomK,45,9,2,1,"Draw","Draw(CCW,S6)",,,,,
5567,2,15,RandomK,45,13,3,1,"Draw","Draw(CCW,L1)",,,,,
5567,2,15,RandomK,45,14,4,1,"Draw","Draw(CW,L2)",,,,,
5567,2,15,RandomK,45,22,5,1,"Draw","Draw(CW,L6)",,,,,
5567,2,15,RandomK,45,26,6,1,"PreGuard","PreGuard(CW,G3)",,,,,
5567,2,15,RandomK,45,27,7,1,"PreGuard","PreGuard(CCW,G3)",,,,,
5567,2,15,RandomK,45,30,8,1,"PreGuard","PreGuard(CW,G5)",,,,,
5567,2,15,RandomK,45,37,9,1,"Hit","Hit(CCW,2,MIDDLE)",,,,,
5567,2,15,RandomK,45,47,10,1,"Hit","Hit(CCW,4,MIDDLE)",,,,,
5567,2,15,RandomK,45,48,11,1,"Hit","Hit(CW,4,STRONG)",,,,,
5567,2,15,RandomK,45,49,12,1,"Hit","Hit(CCW,4,STRONG)",,,,,
5567,2,15,RandomK,45,55,13,1,"Hit","Hit(CCW,6,WEAK)",,,,,
5567,2,15,RandomK,45,65,14,1,"Hit","Hit(CCW,8,WEAK)",,,,,
5567,2,15,RandomK,45,66,15,1,"Hit","Hit(CW,8,MIDDLE)",,,,,
5567,2,15,RandomK,45,75,16,1,"Hit","Hit(CCW,10,WEAK)",,,,,
5567,2,15,RandomK,45,78,17,1,"Hit","Hit(CW,10,STRONG)",,,,,
5567,2,15,RandomK,45,79,18,1,"Hit","Hit(CCW,10,STRONG)",,,,,
5567,2,15,RandomK,45,87,19,1,"Hit","Hit(CCW,12,MIDDLE)",,,,,
5567,2,15,RandomK,45,98,20,1,"PostGuard","PostGuard(CW,7,0)",,,,,
5567,2,15,RandomK,45,99,21,1,"PostGuard","PostGuard(CCW,7,0)",,,,,
5567,2,15,RandomK,45,108,22,1,"PostGuard","PostGuard(CW,9,2)",,,,,
5567,2,15,RandomK,45,110,23,1,"PostGuard","PostGuard(CW,11,0)",,,,,
5567,2,15,RandomK,45,120,24,1,"PostGuard","PostGuard(CW,13,2)",,,,,
5567,2,15,RandomK,45,127,25,1,"PostGuard","PostGuard(CCW,15,2)",,,,,
2507,3,11,RandomK,45,9,0,1,"Draw","Draw(CCW,S6)",,,,,
2507,3,11,RandomK,45,11,1,1,"Draw","Draw(CCW,L0)",,,,,
2507,3,11,RandomK,45,18,2,1,"Draw","Draw(CW,L4)",,,,,
2507,3,11,RandomK,45,19,3,1,"Draw","Draw(CCW,L4)",,,,,
2507,3,11,RandomK,45,25,4,1,"Draw","Draw(CCW,L7)",,,,,
2507,3,11,RandomK,45,27,5,1,"PreGuard","PreGuard(CCW,G3)",,,,,
2507,3,11,RandomK,45,28,6,1,"PreGuard","PreGuard(CW,G4)",,,,,
2507,3,11,RandomK,45,40,7,1,"Hit","Hit(CW,4,MIDDLE)",,,,,
2507,3,11,RandomK,45,43,8,1,"Hit","Hit(CCW,4,STRONG)",,,,,
2507,3,11,RandomK,45,45,9,1,"Freeze","Freeze(CCW,4)",,,,,
2507,3,11,RandomK,45,46,10,1,"Hit","Hit(CW,6,TOUCH)",,,,,
2507,3,11,RandomK,45,50,11,1,"Hit","Hit(CW,6,MIDDLE)",,,,,
2507,3,11,RandomK,45,52,12,1,"Hit","Hit(CW,6,STRONG)",,,,,
2507,3,11,RandomK,45,64,13,1,"Freeze","Freeze(CW,8)",,,,,
2507,3,11,RandomK,45,65,14,1,"Freeze","Freeze(CCW,8)",,,,,
2507,3,11,RandomK,45,67,15,1,"Hit","Hit(CCW,10,TOUCH)",,,,,
2507,3,11,RandomK,45,70,16,1,"Hit","Hit(CW,10,MIDDLE)",,,,,
2507,3,11,RandomK,45,86,17,1,"PostGuard","PostGuard(CW,3,2)",,,,,
2507,3,11,RandomK,45,89,18,1,"PostGuard","PostGuard(CCW,5,0)",,,,,
2507,3,11,RandomK,45,102,19,1,"PostGuard","PostGuard(CW,9,1)",,,,,
2507,3,11,RandomK,45,103,20,1,"PostGuard","PostGuard(CCW,9,1)",,,,,
2507,3,11,RandomK,45,104,21,1,"PostGuard","PostGuard(CW,9,2)",,,,,
7006,3,15,RandomK,45,2,0,1,"Draw","Draw(CW,S0)",,,,,
7006,3,15,RandomK,45,4,1,1,"Draw","Draw(CW,S2)",,,,,
7006,3,15,RandomK,45,9,2,1,"Draw","Draw(CCW,S6)",,,,,
7006,3,15,RandomK,45,10,3,1,"Draw","Draw(CW,L0)",,,,,
7006,3,15,RandomK,45,24,4,1,"Draw","Draw(CW,L7)",,,,,
7006,3,15,RandomK,45,28,5,1,"PreGuard","PreGuard(CW,G4)",,,,,
7006,3,15,RandomK,45,29,6,1,"PreGuard","PreGuard(CCW,G4)",,,,,
7006,3,15,RandomK,45,31,7,1,"PreGuard","PreGuard(CCW,G5)",,,,,
7006,3,15,RandomK,45,35,8,1,"Hit","Hit(CCW,2,WEAK)",,,,,
7006,3,15,RandomK,45,42,9,1,"Hit","Hit(CW,4,TOUCH)",,,,,
7006,3,15,RandomK,45,43,10,1,"Hit","Hit(CCW,4,TOUCH)",,,,,
7006,3,15,RandomK,45,46,11,1,"Hit","Hit(CW,4,MIDDLE)",,,,,
7006,3,15,RandomK,45,53,12,1,"Hit","Hit(CCW,6,TOUCH)",,,,,
7006,3,15,RandomK,45,59,13,1,"Hit","Hit(CCW,6,STRONG)",,,,,
7006,3,15,RandomK,45,62,14,1,"Hit","Hit(CW,8,TOUCH)",,,,,
7006,3,15,RandomK,45,67,15,1,"Hit","Hit(CCW,8,MIDDLE)",,,,,
7006,3,15,RandomK,45,70,16,1,"Freeze","Freeze(CW,8)",,,,,
7006,3,15,RandomK,45,72,17,1,"Hit","Hit(CW,10,TOUCH)",,,,,
7006,3,15,RandomK,45,78,18,1,"Hit","Hit(CW,10,STRONG)",,,,,
7006,3,15,RandomK,45,84,19,1,"Hit","Hit(CW,12,WEAK)",,,,,
7006,3,15,RandomK,45,93,20,1,"Hit","Hit(CCW,14,TOUCH)",,,,,
7006,3,15,RandomK,45,94,21,1,"Hit","Hit(CW,14,WEAK)",,,,,
7006,3,15,RandomK,45,98,22,1,"Hit","Hit(CW,14,STRONG)",,,,,
7006,3,15,RandomK,45,103,23,1,"PostGuard","PostGuard(CCW,1,0)",,,,,
7006,3,15,RandomK,45,107,24,1,"PostGuard","PostGuard(CCW,1,2)",,,,,
7006,3,15,RandomK,45,122,25,1,"PostGuard","PostGuard(CW,7,1)",,,,,
7006,3,15,RandomK,45,126,26,1,"PostGuard","PostGuard(CW,9,0)",,,,,
7006,3,15,RandomK,45,133,27,1,"PostGuard","PostGuard(CCW,11,0)",,,,,
7006,3,15,RandomK,45,140,28,1,"PostGuard","PostGuard(CW,13,1)",,,,,
1984,6,4,RandomK,45,13,0,1,"Draw","Draw(CCW,L1)",,,,,
1984,6,4,RandomK,45,18,1,1,"Draw","Draw(CW,L4)",,,,,
1984,6,4,RandomK,45,20,2,1,"Draw","Draw(CW,L5)",,,,,
1984,6,4,RandomK,45,21,3,1,"Draw","Draw(CCW,L5)",,,,,
1984,6,4,RandomK,45,24,4,1,"Draw","Draw(CW,L7)",,,,,
1984,6,4,RandomK,45,29,5,1,"PreGuard","PreGuard(CCW,G4)",,,,,
1984,6,4,RandomK,45,30,6,1,"PreGuard","PreGuard(CW,G5)",,,,,
1984,6,4,RandomK,45,35,7,1,"Hit","Hit(CCW,1,WEAK)",,,,,
1984,6,4,RandomK,45,43,8,1,"Hit","Hit(CCW,3,TOUCH)",,,,,
1984,6,4,RandomK,45,44,9,1,"Hit","Hit(CW,3,WEAK)",,,,,
1984,6,4,RandomK,45,45,10,1,"Hit","Hit(CCW,3,WEAK)",,,,,
1984,6,4,RandomK,45,49,11,1,"Hit","Hit(CCW,3,STRONG)",,,,,
1845,7,14,RandomK,45,3,0,1,"Draw","Draw(CCW,S0)",,,,,
1845,7,14,RandomK,45,5,1,1,"Draw","Draw(CCW,S2)",,,,,
1845,7,14,RandomK,45,6,2,1,"Draw","Draw(CW,S4)",,,,,
1845,7,14,RandomK,45,7,3,1,"Draw","Draw(CCW,S4)",,,,,
1845,7,14,RandomK,45,8,4,1,"Draw","Draw(CW,S6)",,,,,
1845,7,14,RandomK,45,14,5,1,"Draw","Draw(CW,L2)",,,,,
1845,7,14,RandomK,45,28,6,1,"PreGuard","PreGuard(CW,G4)",,,,,
1845,7,14,RandomK,45,36,7,1,"Hit","Hit(CW,13,MIDDLE)",,,,,
1845,7,14,RandomK,45,43,8,1,"PostGuard","PostGuard(CCW,10,0)",,,,,
1845,7,14,RandomK,45,48,9,1,"PostGuard","PostGuard(CW,12,0)",,,,,
1845,7,14,RandomK,45,53,10,1,"PostGuard","PostGuard(CCW,12,2)",,,,,
5780,2,6,RandomK,45,2,0,1,"Draw","Draw(CW,S0)",,,,,
5780,2,6,RandomK,45,6,1,1,"Draw","Draw(CW,S4)",,,,,
5780,2,6,RandomK,45,13,2,1,"Draw","Draw(CCW,L1)",,,,,
5780,2,6,RandomK,45,16,3,1,"Draw","Draw(CW,L3)",,,,,
5780,2,6,RandomK,45,30,4,1,"PreGuard","PreGuard(CW,G5)",,,,,
5780,2,6,RandomK,45,31,5,1,"PreGuard","PreGuard(CCW,G5)",,,,,
5780,2,6,RandomK,45,38,6,1,"Hit","Hit(CW,5,STRONG)",,,,,
5780,2,6,RandomK,45,41,7,1,"Freeze","Freeze(CCW,5)",,,,,
5780,2,6,RandomK,45,46,8,1,"PostGuard","PostGuard(CW,0,2)",,,,,
5780,2,6,RandomK,45,48,9,1,"Pass","Pass",,,,,
8645,7,5,RandomK,45,0,0,1,"Draw","Draw(CW,TEE)",,,,,
8645,7,5,RandomK,45,5,1,1,"Draw","Draw(CCW,S2)",,,,,
8645,7,5,RandomK,45,13,2,1,"Draw","Draw(CCW,L1)",,,,,
8645,7,5,RandomK,45,21,3,1,"Draw","Draw(CCW,L5)",,,,,
8645,7,5,RandomK,45,23,4,1,"Draw","Draw(CCW,L6)",,,,,
8645,7,5,RandomK,45,27,5,1,"PreGuard","PreGuard(CCW,G3)",,,,,
8645,7,5,RandomK,45,31,6,1,"PreGuard","PreGuard(CCW,G5)",,,,,
8645,7,5,RandomK,45,35,7,1,"Hit","Hit(CCW,0,WEAK)",,,,,
8645,7,5,RandomK,45,37,8,1,"Hit","Hit(CCW,0,MIDDLE)",,,,,
8645,7,5,RandomK,45,45,9,1,"Hit","Hit(CCW,2,WEAK)",,,,,
8645,7,5,RandomK,45,47,10,1,"Hit","Hit(CCW,2,MIDDLE)",,,,,
8645,7,5,RandomK,45,50,11,1,"Freeze","Freeze(CW,2)",,,,,
8645,7,5,RandomK,45,55,12,1,"PostGuard","PostGuard(CCW,1,1)",,,,,
8645,7,5,RandomK,45,61,13,1,"PostGuard","PostGuard(CCW,3,1)",,,,,
8645,7,5,RandomK,45,62,14,1,"PostGuard","PostGuard(CW,3,2)",,,,,
6132,0,13,RandomK,45,6,0,1,"Draw","Draw(CW,S4)",,,,,
6132,0,13,RandomK,45,8,1,1,"Draw","Draw(CW,S6)",,,,,
6132,0,13,RandomK,45,9,2,1,"Draw","Draw(CCW,S6)",,,,,
6132,0,13,RandomK,45,10,3,1,"Draw","Draw(CW,L0)",,,,,
6132,0,13,RandomK,45,15,4,1,"Draw","Draw(CCW,L2)",,,,,
6132,0,13,RandomK,45,29,5,1,"PreGuard","PreGuard(CCW,G4)",,,,,
6132,0,13,RandomK,45,34,6,1,"Hit","Hit(CW,8,WEAK)",,,,,
6132,0,13,RandomK,45,36,7,1,"Hit","Hit(CW,8,MIDDLE)",,,,,
6132,0,13,RandomK,45,39,8,1,"Hit","Hit(CCW,8,STRONG)",,,,,
6132,0,13,RandomK,45,42,9,1,"Hit","Hit(CW,10,TOUCH)",,,,,
6132,0,13,RandomK,45,45,10,1,"Hit","Hit(CCW,10,WEAK)",,,,,
6132,0,13,RandomK,45,46,11,1,"Hit","Hit(CW,10,MIDDLE)",,,,,
6132,0,13,RandomK,45,51,12,1,"Freeze","Freeze(CCW,10)",,,,,
6132,0,13,RandomK,45,57,13,1,"Hit","Hit(CCW,12,MIDDLE)",,,,,
6132,0,13,RandomK,45,61,14,1,"Freeze","Freeze(CCW,12)",,,,,
6132,0,13,RandomK,45,69,15,1,"PostGuard","PostGuard(CCW,7,0)",,,,,
6132,0,13,RandomK,45,70,16,1,"PostGuard","PostGuard(CW,7,1)",,,,,
6132,0,13,RandomK,45,83,17,1,"PostGuard","PostGuard(CCW,11,1)",,,,,
3339,4,10,RandomK,45,9,0,1,"Draw","Draw(CCW,S6)",,,,,
3339,4,10,RandomK,45,10,1,1,"Draw","Draw(CW,L0)",,,,,
3339,4,10,RandomK,45,18,2,1,"Draw","Draw(CW,L4)",,,,,
3339,4,10,RandomK,45,19,3,1,"Draw","Draw(CCW,L4)",,,,,
3339,4,10,RandomK,45,20,4,1,"Draw","Draw(CW,L5)",,,,,
3339,4,10,RandomK,45,28,5,1,"PreGuard","PreGuard(CW,G4)",,,,,
3339,4,10,RandomK,45,38,6,1,"Hit","Hit(CW,7,STRONG)",,,,,
3339,4,10,RandomK,45,41,7,1,"Freeze","Freeze(CCW,7)",,,,,
3339,4,10,RandomK,45,46,8,1,"Hit","Hit(CW,9,MIDDLE)",,,,,
3339,4,10,RandomK,45,49,9,1,"Hit","Hit(CCW,9,STRONG)",,,,,
3339,4,10,RandomK,45,57,10,1,"PostGuard","PostGuard(CCW,2,2)",,,,,
3339,4,10,RandomK,45,59,11,1,"PostGuard","PostGuard(CCW,6,0)",,,,,
3339,4,10,RandomK,45,60,12,1,"PostGuard","PostGuard(CW,6,1)",,,,,
3339,4,10,RandomK,45,64,13,1,"PostGuard","PostGuard(CW,8,0)",,,,,
3339,4,10,RandomK,45,69,14,1,"PostGuard","PostGuard(CCW,8,2)",,,,,
3566,6,14,RandomK,45,9,0,1,"Draw","Draw(CCW,S6)",,,,,
3566,6,14,RandomK,45,12,1,1,"Draw","Draw(CW,L1)",,,,,
3566,6,14,RandomK,45,13,2,1,"Draw","Draw(CCW,L1)",,,,,
3566,6,14,RandomK,45,21,3,1,"Draw","Draw(CCW,L5)",,,,,
3566,6,14,RandomK,45,29,4,1,"PreGuard","PreGuard(CCW,G4)",,,,,
3566,6,14,RandomK,45,35,5,1,"Hit","Hit(CCW,1,WEAK)",,,,,
3566,6,14,RandomK,45,37,6,1,"Hit","Hit(CCW,1,MIDDLE)",,,,,
3566,6,14,RandomK,45,48,7,1,"Hit","Hit(CW,5,STRONG)",,,,,
3566,6,14,RandomK,45,49,8,1,"Hit","Hit(CCW,5,STRONG)",,,,,
3566,6,14,RandomK,45,53,9,1,"Hit","Hit(CCW,7,TOUCH)",,,,,
3566,6,14,RandomK,45,58,10,1,"Hit","Hit(CW,7,STRONG)",,,,,
3566,6,14,RandomK,45,67,11,1,"Hit","Hit(CCW,9,MIDDLE)",,,,,
3566,6,14,RandomK,45,73,12,1,"Hit","Hit(CCW,11,TOUCH)",,,,,
3566,6,14,RandomK,45,77,13,1,"Hit","Hit(CCW,11,MIDDLE)",,,,,
3566,6,14,RandomK,45,78,14,1,"Hit","Hit(CW,11,STRONG)",,,,,
3566,6,14,RandomK,45,83,15,1,"Hit","Hit(CCW,13,TOUCH)",,,,,
3566,6,14,RandomK,45,84,16,1,"Hit","Hit(CW,13,WEAK)",,,,,
3566,6,14,RandomK,45,86,17,1,"Hit","Hit(CW,13,MIDDLE)",,,,,
3566,6,14,RandomK,45,97,18,1,"PostGuard","PostGuard(CCW,0,2)",,,,,
3566,6,14,RandomK,45,99,19,1,"PostGuard","PostGuard(CCW,4,0)",,,,,
3566,6,14,RandomK,45,103,20,1,"PostGuard","PostGuard(CCW,4,2)",,,,,
3566,6,14,RandomK,45,107,21,1,"PostGuard","PostGuard(CCW,6,1)",,,,,
3566,6,14,RandomK,45,109,22,1,"PostGuard","PostGuard(CCW,6,2)",,,,,
3566,6,14,RandomK,45,111,23,1,"PostGuard","PostGuard(CCW,8,0)",,,,,
3566,6,14,RandomK,45,119,24,1,"PostGuard","PostGuard(CCW,10,1)",,,,,
3566,6,14,RandomK,45,125,25,1,"PostGuard","PostGuard(CCW,12,1)",,,,,
5523,3,9,RandomK,45,0,0,1,"Draw","Draw(CW,TEE)",,,,,
5523,3,9,RandomK,45,1,1,1,"Draw","Draw(CCW,TEE)",,,,,
5523,3,9,RandomK,45,8,2,1,"Draw","Draw(CW,S6)",,,,,
5523,3,9,RandomK,45,16,3,1,"Draw","Draw(CW,L3)",,,,,
5523,3,9,RandomK,45,17,4,1,"Draw","Draw(CCW,L3)",,,,,
5523,3,9,RandomK,45,18,5,1,"Draw","Draw(CW,L4)",,,,,
5523,3,9,RandomK,45,19,6,1,"Draw","Draw(CCW,L4)",,,,,
5523,3,9,RandomK,45,21,7,1,"Draw","Draw(CCW,L5)",,,,,
5523,3,9,RandomK,45,24,8,1,"Draw","Draw(CW,L7)",,,,,
5523,3,9,RandomK,45,36,9,1,"Hit","Hit(CW,0,MIDDLE)",,,,,
5523,3,9,RandomK,45,40,10,1,"Freeze","Freeze(CW,0)",,,,,
5523,3,9,RandomK,45,48,11,1,"Hit","Hit(CW,2,STRONG)",,,,,
5523,3,9,RandomK,45,58,12,1,"Hit","Hit(CW,4,STRONG)",,,,,
5523,3,9,RandomK,45,63,13,1,"Hit","Hit(CCW,6,TOUCH)",,,,,
5523,3,9,RandomK,45,68,14,1,"Hit","Hit(CW,6,STRONG)",,,,,
5523,3,9,RandomK,45,71,15,1,"Freeze","Freeze(CCW,6)",,,,,
5523,3,9,RandomK,45,74,16,1,"PostGuard","PostGuard(CW,1,1)",,,,,
5523,3,9,RandomK,45,75,17,1,"PostGuard","PostGuard(CCW,1,1)",,,,,
5523,3,9,RandomK,45,87,18,1,"PostGuard","PostGuard(CCW,5,1)",,,,,
5523,3,9,RandomK,45,90,19,1,"PostGuard","PostGuard(CW,7,0)",,,,,
5523,3,9,RandomK,45,102,20,1,"Pass","Pass",,,,,
7015,5,14,RandomK,45,4,0,1,"Draw","Draw(CW,S2)",,,,,
7015,5,14,RandomK,45,6,1,1,"Draw","Draw(CW,S4)",,,,,
7015,5,14,RandomK,45,10,2,1,"Draw","Draw(CW,L0)",,,,,
7015,5,14,RandomK,45,11,3,1,"Draw","Draw(CCW,L0)",,,,,
7015,5,14,RandomK,45,17,4,1,"Draw","Draw(CCW,L3)",,,,,
7015,5,14,RandomK,45,25,5,1,"Draw","Draw(CCW,L7)",,,,,
7015,5,14,RandomK,45,26,6,1,"PreGuard","PreGuard(CW,G3)",,,,,
7015,5,14,RandomK,45,29,7,1,"PreGuard","PreGuard(CCW,G4)",,,,,
7015,5,14,RandomK,45,36,8,1,"Hit","Hit(CW,1,MIDDLE)",,,,,
7015,5,14,RandomK,45,37,9,1,"Hit","Hit(CCW,1,MIDDLE)",,,,,
7015,5,14,RandomK,45,38,10,1,"Hit","Hit(CW,1,STRONG)",,,,,
7015,5,14,RandomK,45,59,11,1,"Hit","Hit(CCW,5,STRONG)",,,,,
7015,5,14,RandomK,45,60,12,1,"Freeze","Freeze(CW,5)",,,,,
7015,5,14,RandomK,45,67,13,1,"Hit","Hit(CCW,7,MIDDLE)",,,,,
7015,5,14,RandomK,45,68,14,1,"Hit","Hit(CW,7,STRONG)",,,,,
7015,5,14,RandomK,45,73,15,1,"Hit","Hit(CCW,9,TOUCH)",,,,,
7015,5,14,RandomK,45,79,16,1,"Hit","Hit(CCW,9,STRONG)",,,,,
7015,5,14,RandomK,45,82,17,1,"Hit","Hit(CW,11,TOUCH)",,,,,
7015,5,14,RandomK,45,83,18,1,"Hit","Hit(CCW,11,TOUCH)",,,,,
7015,5,14,RandomK,45,91,19,1,"Freeze","Freeze(CCW,11)",,,,,
7015,5,14,RandomK,45,96,20,1,"Hit","Hit(CW,13,MIDDLE)",,,,,
7015,5,14,RandomK,45,98,21,1,"Hit","Hit(CW,13,STRONG)",,,,,
7015,5,14,RandomK,45,101,22,1,"Freeze","Freeze(CCW,13)",,,,,
7015,5,14,RandomK,45,103,23,1,"PostGuard","PostGuard(CCW,0,0)",,,,,
7015,5,14,RandomK,45,104,24,1,"PostGuard","PostGuard(CW,0,1)",,,,,
7015,5,14,RandomK,45,111,25,1,"PostGuard","PostGuard(CCW,2,1)",,,,,
7015,5,14,RandomK,45,117,26,1,"PostGuard","PostGuard(CCW,4,1)",,,,,
7015,5,14,RandomK,45,131,27,1,"PostGuard","PostGuard(CCW,8,2)",,,,,
7015,5,14,RandomK,45,138,28,1,"PostGuard","PostGuard(CW,12,0)",,,,,
743,7,3,RandomK,45,4,0,1,"Draw","Draw(CW,S2)",,,,,
743,7,3,RandomK,45,6,1,1,"Draw","Draw(CW,S4)",,,,,
743,7,3,RandomK,45,8,2,1,"Draw","Draw(CW,S6)",,,,,
743,7,3,RandomK,45,9,3,1,"Draw","Draw(CCW,S6)",,,,,
743,7,3,RandomK,45,21,4,1,"Draw","Draw(CCW,L5)",,,,,
743,7,3,RandomK,45,36,5,1,"Hit","Hit(CW,0,MIDDLE)",,,,,
743,7,3,RandomK,45,44,6,1,"PostGuard","PostGuard(CW,1,1)",,,,,
743,7,3,RandomK,45,45,7,1,"PostGuard","PostGuard(CCW,1,1)",,,,,
743,7,3,RandomK,45,48,8,1,"PostGuard","PostGuard(CW,3,0)",,,,,
743,7,3,RandomK,45,50,9,1,"PostGuard","PostGuard(CW,3,1)",,,,,
743,7,3,RandomK,45,53,10,1,"PostGuard","PostGuard(CCW,3,2)",,,,,
1014,4,15,RandomK,45,2,0,1,"Draw","Draw(CW,S0)",,,,,
1014,4,15,RandomK,45,3,1,1,"Draw","Draw(CCW,S0)",,,,,
1014,4,15,RandomK,45,5,2,1,"Draw","Draw(CCW,S2)",,,,,
1014,4,15,RandomK,45,11,3,1,"Draw","Draw(CCW,L0)",,,,,
1014,4,15,RandomK,45,12,4,1,"Draw","Draw(CW,L1)",,,,,
1014,4,15,RandomK,45,14,5,1,"Draw","Draw(CW,L2)",,,,,
1014,4,15,RandomK,45,28,6,1,"PreGuard","PreGuard(CW,G4)",,,,,
1014,4,15,RandomK,45,29,7,1,"PreGuard","PreGuard(CCW,G4)",,,,,
1014,4,15,RandomK,45,33,8,1,"Hit","Hit(CCW,10,TOUCH)",,,,,
1014,4,15,RandomK,45,35,9,1,"Hit","Hit(CCW,10,WEAK)",,,,,
1014,4,15,RandomK,45,41,10,1,"Freeze","Freeze(CCW,10)",,,,,
1014,4,15,RandomK,45,46,11,1,"PostGuard","PostGuard(CW,1,2)",,,,,
1014,4,15,RandomK,45,49,12,1,"PostGuard","PostGuard(CCW,11,0)",,,,,
3900,0,10,RandomK,45,2,0,1,"Draw","Draw(CW,S0)",,,,,
3900,0,10,RandomK,45,5,1,1,"Draw","Draw(CCW,S2)",,,,,
3900,0,10,RandomK,45,6,2,1,"Draw","Draw(CW,S4)",,,,,
3900,0,10,RandomK,45,7,3,1,"Draw","Draw(CCW,S4)",,,,,
3900,0,10,RandomK,45,13,4,1,"Draw","Draw(CCW,L1)",,,,,
3900,0,10,RandomK,45,16,5,1,"Draw","Draw(CW,L3)",,,,,
3900,0,10,RandomK,45,21,6,1,"Draw","Draw(CCW,L5)",,,,,
3900,0,10,RandomK,45,22,7,1,"Draw","Draw(CW,L6)",,,,,
3900,0,10,RandomK,45,33,8,1,"Hit","Hit(CCW,9,TOUCH)",,,,,
3900,0,10,RandomK,45,38,9,1,"Hit","Hit(CW,9,STRONG)",,,,,
3900,0,10,RandomK,45,50,10,1,"PostGuard","PostGuard(CW,8,1)",,,,,
4543,6,5,RandomK,45,2,0,1,"Draw","Draw(CW,S0)",,,,,
4543,6,5,RandomK,45,4,1,1,"Draw","Draw(CW,S2)",,,,,
4543,6,5,RandomK,45,6,2,1,"Draw","Draw(CW,S4)",,,,,
4543,6,5,RandomK,45,17,3,1,"Draw","Draw(CCW,L3)",,,,,
4543,6,5,RandomK,45,19,4,1,"Draw","Draw(CCW,L4)",,,,,
4543,6,5,RandomK,45,29,5,1,"PreGuard","PreGuard(CCW,G4)",,,,,
4543,6,5,RandomK,45,39,6,1,"Hit","Hit(CCW,0,STRONG)",,,,,
4543,6,5,RandomK,45,47,7,1,"Hit","Hit(CCW,2,MIDDLE)",,,,,
4543,6,5,RandomK,45,48,8,1,"Hit","Hit(CW,2,STRONG)",,,,,
4543,6,5,RandomK,45,52,9,1,"PostGuard","PostGuard(CW,1,0)",,,,,
4543,6,5,RandomK,45,56,10,1,"PostGuard","PostGuard(CW,1,2)",,,,,
4543,6,5,RandomK,45,57,11,1,"PostGuard","PostGuard(CCW,1,2)",,,,,
4543,6,5,RandomK,45,60,12,1,"PostGuard","PostGuard(CW,3,1)",,,,,
4543,6,5,RandomK,45,62,13,1,"PostGuard","PostGuard(CW,3,2)",,,,,
4543,6,5,RandomK,45,65,14,1,"PostGuard","PostGuard(CCW,5,0)",,,,,
9231,5,14,RandomK,45,2,0,1,"Draw","Draw(CW,S0)",,,,,
9231,5,14,RandomK,45,7,1,1,"Draw","Draw(CCW,S4)",,,,,
9231,5,14,RandomK,45,8,2,1,"Draw","Draw(CW,S6)",,,,,
9231,5,14,RandomK,45,9,3,1,"Draw","Draw(CCW,S6)",,,,,
9231,5,14,RandomK,45,12,4,1,"Draw","Draw(CW,L1)",,,,,
9231,5,14,RandomK,45,13,5,1,"Draw","Draw(CCW,L1)",,,,,
9231,5,14,RandomK,45,14,6,1,"Draw","Draw(CW,L2)",,,,,
9231,5,14,RandomK,45,17,7,1,"Draw","Draw(CCW,L3)",,,,,
9231,5,14,RandomK,45,21,8,1,"Draw","Draw(CCW,L5)",,,,,
9231,5,14,RandomK,45,26,9,1,"PreGuard","PreGuard(CW,G3)",,,,,
9231,5,14,RandomK,45,27,10,1,"PreGuard","PreGuard(CCW,G3)",,,,,
9231,5,14,RandomK,45,33,11,1,"Hit","Hit(CCW,3,TOUCH)",,,,,
9231,5,14,RandomK,45,37,12,1,"Hit","Hit(CCW,3,MIDDLE)",,,,,
9231,5,14,RandomK,45,43,13,1,"Hit","Hit(CCW,5,TOUCH)",,,,,
9231,5,14,RandomK,45,44,14,1,"Hit","Hit(CW,5,WEAK)",,,,,
9231,5,14,RandomK,45,46,15,1,"Hit","Hit(CW,5,MIDDLE)",,,,,
9231,5,14,RandomK,45,58,16,1,"Hit","Hit(CW,7,STRONG)",,,,,
9231,5,14,RandomK,45,86,17,1,"PostGuard","PostGuard(CW,8,2)",,,,,
9231,5,14,RandomK,45,87,18,1,"PostGuard","PostGuard(CCW,8,2)",,,,,
9231,5,14,RandomK,45,96,19,1,"PostGuard","PostGuard(CW,12,1)",,,,,
9231,5,14,RandomK,45,97,20,1,"PostGuard","PostGuard(CCW,12,1)",,,,,
1825,5,7,RandomK,45,2,0,1,"Draw","Draw(CW,S0)",,,,,
1825,5,7,RandomK,45,8,1,1,"Draw","Draw(CW,S6)",,,,,
1825,5,7,RandomK,45,9,2,1,"Draw","Draw(CCW,S6)",,,,,
1825,5,7,RandomK,45,10,3,1,"Draw","Draw(CW,L0)",,,,,
1825,5,7,RandomK,45,13,4,1,"Draw","Draw(CCW,L1)",,,,,
1825,5,7,RandomK,45,17,5,1,"Draw","Draw(CCW,L3)",,,,,
1825,5,7,RandomK,45,21,6,1,"Draw","Draw(CCW,L5)",,,,,
1825,5,7,RandomK,45,29,7,1,"PreGuard","PreGuard(CCW,G4)",,,,,
1825,5,7,RandomK,45,30,8,1,"PreGuard","PreGuard(CW,G5)",,,,,
1825,5,7,RandomK,45,32,9,1,"Hit","Hit(CW,2,TOUCH)",,,,,
1825,5,7,RandomK,45,39,10,1,"Hit","Hit(CCW,2,STRONG)",,,,,
1825,5,7,RandomK,45,40,11,1,"Freeze","Freeze(CW,2)",,,,,
1825,5,7,RandomK,45,41,12,1,"Freeze","Freeze(CCW,2)",,,,,
1825,5,7,RandomK,45,43,13,1,"Hit","Hit(CCW,4,TOUCH)",,,,,
1825,5,7,RandomK,45,68,14,1,"PostGuard","PostGuard(CW,5,2)",,,,,
1825,5,7,RandomK,45,74,15,1,"PostGuard","PostGuard(CW,7,2)",,,,,
4062,4,15,RandomK,45,0,0,1,"Draw","Draw(CW,TEE)",,,,,
4062,4,15,RandomK,45,7,1,1,"Draw","Draw(CCW,S4)",,,,,
4062,4,15,RandomK,45,17,2,1,"Draw","Draw(CCW,L3)",,,,,
4062,4,15,RandomK,45,19,3,1,"Draw","Draw(CCW,L4)",,,,,
4062,4,15,RandomK,45,24,4,1,"Draw","Draw(CW,L7)",,,,,
4062,4,15,RandomK,45,28,5,1,"PreGuard","PreGuard(CW,G4)",,,,,
4062,4,15,RandomK,45,31,6,1,"PreGuard","PreGuard(CCW,G5)",,,,,
4062,4,15,RandomK,45,32,7,1,"Hit","Hit(CW,2,TOUCH)",,,,,
4062,4,15,RandomK,45,36,8,1,"Hit","Hit(CW,2,MIDDLE)",,,,,
4062,4,15,RandomK,45,45,9,1,"Hit","Hit(CCW,4,WEAK)",,,,,
4062,4,15,RandomK,45,50,10,1,"Freeze","Freeze(CW,4)",,,,,
4062,4,15,RandomK,45,51,11,1,"Freeze","Freeze(CCW,4)",,,,,
4062,4,15,RandomK,45,58,12,1,"Hit","Hit(CW,6,STRONG)",,,,,
4062,4,15,RandomK,45,59,13,1,"Hit","Hit(CCW,6,STRONG)",,,,,
4062,4,15,RandomK,45,62,14,1,"Hit","Hit(CW,10,TOUCH)",,,,,
4062,4,15,RandomK,45,70,15,1,"Freeze","Freeze(CW,10)",,,,,
4062,4,15,RandomK,45,72,16,1,"Hit","Hit(CW,12,TOUCH)",,,,,
4062,4,15,RandomK,45,74,17,1,"Hit","Hit(CW,12,WEAK)",,,,,
4062,4,15,RandomK,45,77,18,1,"Hit","Hit(CCW,12,MIDDLE)",,,,,
4062,4,15,RandomK,45,79,19,1,"Hit","Hit(CCW,12,STRONG)",,,,,
4062,4,15,RandomK,45,85,20,1,"Hit","Hit(CCW,14,WEAK)",,,,,
4062,4,15,RandomK,45,101,21,1,"PostGuard","PostGuard(CCW,7,1)",,,,,
4062,4,15,RandomK,45,103,22,1,"PostGuard","PostGuard(CCW,7,2)",,,,,
4062,4,15,RandomK,45,105,23,1,"PostGuard","PostGuard(CCW,11,0)",,,,,
9882,2,11,RandomK,45,13,0,1,"Draw","Draw(CCW,L1)",,,,,
9882,2,11,RandomK,45,19,1,1,"Draw","Draw(CCW,L4)",,,,,
9882,2,11,RandomK,45,22,2,1,"Draw","Draw(CW,L6)",,,,,
9882,2,11,RandomK,45,34,3,1,"Hit","Hit(CW,2,WEAK)",,,,,
9882,2,11,RandomK,45,35,4,1,"Hit","Hit(CCW,2,WEAK)",,,,,
9882,2,11,RandomK,45,38,5,1,"Hit","Hit(CW,2,STRONG)",,,,,
9882,2,11,RandomK,45,43,6,1,"Hit","Hit(CCW,4,TOUCH)",,,,,
9882,2,11,RandomK,45,47,7,1,"Hit","Hit(CCW,4,MIDDLE)",,,,,
9882,2,11,RandomK,45,48,8,1,"Hit","Hit(CW,4,STRONG)",,,,,
9882,2,11,RandomK,45,62,9,1,"Hit","Hit(CW,8,TOUCH)",,,,,
9882,2,11,RandomK,45,64,10,1,"Hit","Hit(CW,8,WEAK)",,,,,
9882,2,11,RandomK,45,68,11,1,"Hit","Hit(CW,8,STRONG)",,,,,
9882,2,11,RandomK,45,71,12,1,"Freeze","Freeze(CCW,8)",,,,,
9882,2,11,RandomK,45,74,13,1,"PostGuard","PostGuard(CW,1,1)",,,,,
9882,2,11,RandomK,45,80,14,1,"PostGuard","PostGuard(CW,3,1)",,,,,
9882,2,11,RandomK,45,81,15,1,"PostGuard","PostGuard(CCW,3,1)",,,,,
9882,2,11,RandomK,45,86,16,1,"PostGuard","PostGuard(CW,5,1)",,,,,
9882,2,11,RandomK,45,90,17,1,"PostGuard","PostGuard(CW,7,0)",,,,,
9882,2,11,RandomK,45,92,18,1,"PostGuard","PostGuard(CW,7,1)",,,,,
9882,2,11,RandomK,45,94,19,1,"PostGuard","PostGuard(CW,7,2)",,,,,
9882,2,11,RandomK,45,99,20,1,"PostGuard","PostGuard(CCW,9,1)",,,,,
9882,2,11,RandomK,45,104,21,1,"PostGuard","PostGuard(CW,11,1)",,,,,
2998,6,14,RandomK,45,0,0,1,"Draw","Draw(CW,TEE)",,,,,
2998,6,14,RandomK,45,9,1,1,"Draw","Draw(CCW,S6)",,,,,
2998,6,14,RandomK,45,27,2,1,"PreGuard","PreGuard(CCW,G3)",,,,,
2998,6,14,RandomK,45,31,3,1,"PreGuard","PreGuard(CCW,G5)",,,,,
2998,6,14,RandomK,45,32,4,1,"Hit","Hit(CW,1,TOUCH)",,,,,
2998,6,14,RandomK,45,34,5,1,"Hit","Hit(CW,1,WEAK)",,,,,
2998,6,14,RandomK,45,35,6,1,"Hit","Hit(CCW,1,WEAK)",,,,,
2998,6,14,RandomK,45,38,7,1,"Hit","Hit(CW,1,STRONG)",,,,,
2998,6,14,RandomK,45,44,8,1,"Hit","Hit(CW,3,WEAK)",,,,,
2998,6,14,RandomK,45,52,9,1,"Hit","Hit(CW,5,TOUCH)",,,,,
2998,6,14,RandomK,45,57,10,1,"Hit","Hit(CCW,5,MIDDLE)",,,,,
2998,6,14,RandomK,45,63,11,1,"Hit","Hit(CCW,7,TOUCH)",,,,,
2998,6,14,RandomK,45,65,12,1,"Hit","Hit(CCW,7,WEAK)",,,,,
2998,6,14,RandomK,45,66,13,1,"Hit","Hit(CW,7,MIDDLE)",,,,,
2998,6,14,RandomK,45,75,14,1,"Hit","Hit(CCW,9,WEAK)",,,,,
2998,6,14,RandomK,45,78,15,1,"Hit","Hit(CW,9,STRONG)",,,,,
2998,6,14,RandomK,45,82,16,1,"Hit","Hit(CW,11,TOUCH)",,,,,
2998,6,14,RandomK,45,89,17,1,"Hit","Hit(CCW,11,STRONG)",,,,,
2998,6,14,RandomK,45,101,18,1,"Freeze","Freeze(CCW,13)",,,,,
2998,6,14,RandomK,45,104,19,1,"PostGuard","PostGuard(CW,0,1)",,,,,
2998,6,14,RandomK,45,111,20,1,"PostGuard","PostGuard(CCW,2,1)",,,,,
2998,6,14,RandomK,45,114,21,1,"PostGuard","PostGuard(CW,4,0)",,,,,
2998,6,14,RandomK,45,115,22,1,"PostGuard","PostGuard(CCW,4,0)",,,,,
2998,6,14,RandomK,45,118,23,1,"PostGuard","PostGuard(CW,4,2)",,,,,
2998,6,14,RandomK,45,119,24,1,"PostGuard","PostGuard(CCW,4,2)",,,,,
2998,6,14,RandomK,45,123,25,1,"PostGuard","PostGuard(CCW,6,1)",,,,,
2998,6,14,RandomK,45,129,26,1,"PostGuard","PostGuard(CCW,8,1)",,,,,
2998,6,14,RandomK,45,130,27,1,"PostGuard","PostGuard(CW,8,2)",,,,,
2998,6,14,RandomK,45,138,28,1,"PostGuard","PostGuard(CW,12,0)",,,,,
1555,2,3,RandomK,45,2,0,1,"Draw","Draw(CW,S0)",,,,,
1555,2,3,RandomK,45,12,1,1,"Draw","Draw(CW,L1)",,,,,
1555,2,3,RandomK,45,14,2,1,"Draw","Draw(CW,L2)",,,,,
1555,2,3,RandomK,45,18,3,1,"Draw","Draw(CW,L4)",,,,,
1555,2,3,RandomK,45,21,4,1,"Draw","Draw(CCW,L5)",,,,,
1555,2,3,RandomK,45,39,5,1,"Hit","Hit(CCW,0,STRONG)",,,,,
1555,2,3,RandomK,45,40,6,1,"Freeze","Freeze(CW,0)",,,,,
1555,2,3,RandomK,45,45,7,1,"PostGuard","PostGuard(CCW,1,1)",,,,,
1555,2,3,RandomK,45,46,8,1,"PostGuard","PostGuard(CW,1,2)",,,,,
1555,2,3,RandomK,45,47,9,1,"PostGuard","PostGuard(CCW,1,2)",,,,,
1555,2,3,RandomK,45,54,10,1,"Pass","Pass",,,,,
4372,4,14,RandomK,45,1,0,1,"Draw","Draw(CCW,TEE)",,,,,
4372,4,14,RandomK,45,10,1,1,"Draw","Draw(CW,L0)",,,,,
4372,4,14,RandomK,45,13,2,1,"Draw","Draw(CCW,L1)",,,,,
4372,4,14,RandomK,45,16,3,1,"Draw","Draw(CW,L3)",,,,,
4372,4,14,RandomK,45,18,4,1,"Draw","Draw(CW,L4)",,,,,
4372,4,14,RandomK,45,19,5,1,"Draw","Draw(CCW,L4)",,,,,
4372,4,14,RandomK,45,28,6,1,"PreGuard","PreGuard(CW,G4)",,,,,
4372,4,14,RandomK,45,32,7,1,"Hit","Hit(CW,13,TOUCH)",,,,,
4372,4,14,RandomK,45,42,8,1,"PostGuard","PostGuard(CW,12,0)",,,,,
4372,4,14,RandomK,45,48,9,1,"Pass","Pass",,,,,
3732,7,7,RandomK,45,3,0,1,"Draw","Draw(CCW,S0)",,,,,
3732,7,7,RandomK,45,4,1,1,"Draw","Draw(CW,S2)",,,,,
3732,7,7,RandomK,45,13,2,1,"Draw","Draw(CCW,L1)",,,,,
3732,7,7,RandomK,45,14,3,1,"Draw","Draw(CW,L2)",,,,,
3732,7,7,RandomK,45,21,4,1,"Draw","Draw(CCW,L5)",,,,,
3732,7,7,RandomK,45,28,5,1,"PreGuard","PreGuard(CW,G4)",,,,,
3732,7,7,RandomK,45,33,6,1,"Hit","Hit(CCW,4,TOUCH)",,,,,
3732,7,7,RandomK,45,34,7,1,"Hit","Hit(CW,4,WEAK)",,,,,
3732,7,7,RandomK,45,39,8,1,"Hit","Hit(CCW,4,STRONG)",,,,,
3732,7,7,RandomK,45,46,9,1,"PostGuard","PostGuard(CW,7,2)",,,,,
3858,5,5,RandomK,45,2,0,1,"Draw","Draw(CW,S0)",,,,,
3858,5,5,RandomK,45,3,1,1,"Draw","Draw(CCW,S0)",,,,,
3858,5,5,RandomK,45,12,2,1,"Draw","Draw(CW,L1)",,,,,
3858,5,5,RandomK,45,19,3,1,"Draw","Draw(CCW,L4)",,,,,
3858,5,5,RandomK,45,23,4,1,"Draw","Draw(CCW,L6)",,,,,
3858,5,5,RandomK,45,25,5,1,"Draw","Draw(CCW,L7)",,,,,
3858,5,5,RandomK,45,27,6,1,"PreGuard","PreGuard(CCW,G3)",,,,,
3858,5,5,RandomK,45,42,7,1,"Hit","Hit(CW,2,TOUCH)",,,,,
3858,5,5,RandomK,45,45,8,1,"Hit","Hit(CCW,2,WEAK)",,,,,
3858,5,5,RandomK,45,49,9,1,"Hit","Hit(CCW,2,STRONG)",,,,,
3858,5,5,RandomK,45,50,10,1,"Freeze","Freeze(CW,2)",,,,,
3858,5,5,RandomK,45,54,11,1,"Hit","Hit(CW,4,WEAK)",,,,,
3858,5,5,RandomK,45,56,12,1,"Hit","Hit(CW,4,MIDDLE)",,,,,
3858,5,5,RandomK,45,57,13,1,"Hit","Hit(CCW,4,MIDDLE)",,,,,
3858,5,5,RandomK,45,58,14,1,"Hit","Hit(CW,4,STRONG)",,,,,
1938,0,14,RandomK,45,2,0,1,"Draw","Draw(CW,S0)",,,,,
1938,0,14,RandomK,45,4,1,1,"Draw","Draw(CW,S2)",,,,,
1938,0,14,RandomK,45,5,2,1,"Draw","Draw(CCW,S2)",,,,,
1938,0,14,RandomK,45,10,3,1,"Draw","Draw(CW,L0)",,,,,
1938,0,14,RandomK,45,11,4,1,"Draw","Draw(CCW,L0)",,,,,
1938,0,14,RandomK,45,34,5,1,"Hit","Hit(CW,9,WEAK)",,,,,
1938,0,14,RandomK,45,37,6,1,"Hit","Hit(CCW,9,MIDDLE)",,,,,
1938,0,14,RandomK,45,42,7,1,"Hit","Hit(CW,11,TOUCH)",,,,,
1938,0,14,RandomK,45,47,8,1,"Hit","Hit(CCW,11,MIDDLE)",,,,,
1938,0,14,RandomK,45,52,9,1,"Hit","Hit(CW,13,TOUCH)",,,,,
1938,0,14,RandomK,45,53,10,1,"Hit","Hit(CCW,13,TOUCH)",,,,,
1938,0,14,RandomK,45,56,11,1,"Hit","Hit(CW,13,MIDDLE)",,,,,
1938,0,14,RandomK,45,62,12,1,"PostGuard","PostGuard(CW,2,0)",,,,,
1938,0,14,RandomK,45,63,13,1,"PostGuard","PostGuard(CCW,2,0)",,,,,
1938,0,14,RandomK,45,66,14,1,"PostGuard","PostGuard(CW,2,2)",,,,,
1938,0,14,RandomK,45,67,15,1,"PostGuard","PostGuard(CCW,2,2)",,,,,
1938,0,14,RandomK,45,68,16,1,"PostGuard","PostGuard(CW,4,0)",,,,,
1938,0,14,RandomK,45,91,17,1,"PostGuard","PostGuard(CCW,12,2)",,,,,
1938,0,14,RandomK,45,92,18,1,"Pass","Pass",,,,,
9112,3,9,RandomK,45,4,0,1,"Draw","Draw(CW,S2)",,,,,
9112,3,9,RandomK,45,7,1,1,"Draw","Draw(CCW,S4)",,,,,
9112,3,9,RandomK,45,16,2,1,"Draw","Draw(CW,L3)",,,,,
9112,3,9,RandomK,45,31,3,1,"PreGuard","PreGuard(CCW,G5)",,,,,
9112,3,9,RandomK,45,36,4,1,"Hit","Hit(CW,2,MIDDLE)",,,,,
9112,3,9,RandomK,45,37,5,1,"Hit","Hit(CCW,2,MIDDLE)",,,,,
9112,3,9,RandomK,45,38,6,1,"Hit","Hit(CW,2,STRONG)",,,,,
9112,3,9,RandomK,45,39,7,1,"Hit","Hit(CCW,2,STRONG)",,,,,
9112,3,9,RandomK,45,48,8,1,"Hit","Hit(CW,4,STRONG)",,,,,
9112,3,9,RandomK,45,49,9,1,"Hit","Hit(CCW,4,STRONG)",,,,,
9112,3,9,RandomK,45,53,10,1,"Hit","Hit(CCW,6,TOUCH)",,,,,
9112,3,9,RandomK,45,55,11,1,"Hit","Hit(CCW,6,WEAK)",,,,,
9112,3,9,RandomK,45,57,12,1,"Hit","Hit(CCW,6,MIDDLE)",,,,,
9112,3,9,RandomK,45,66,13,1,"PostGuard","PostGuard(CW,3,2)",,,,,
9112,3,9,RandomK,45,67,14,1,"PostGuard","PostGuard(CCW,3,2)",,,,,
4157,3,12,RandomK,45,5,0,1,"Draw","Draw(CCW,S2)",,,,,
4157,3,12,RandomK,45,7,1,1,"Draw","Draw(CCW,S4)",,,,,
4157,3,12,RandomK,45,13,2,1,"Draw","Draw(CCW,L1)",,,,,
4157,3,12,RandomK,45,14,3,1,"Draw","Draw(CW,L2)",,,,,
4157,3,12,RandomK,45,16,4,1,"Draw","Draw(CW,L3)",,,,,
4157,3,12,RandomK,45,17,5,1,"Draw","Draw(CCW,L3)",,,,,
4157,3,12,RandomK,45,22,6,1,"Draw","Draw(CW,L6)",,,,,
4157,3,12,RandomK,45,35,7,1,"Hit","Hit(CCW,3,WEAK)",,,,,
4157,3,12,RandomK,45,36,8,1,"Hit","Hit(CW,3,MIDDLE)",,,,,
4157,3,12,RandomK,45,45,9,1,"Hit","Hit(CCW,5,WEAK)",,,,,
4157,3,12,RandomK,45,56,10,1,"Hit","Hit(CW,7,MIDDLE)",,,,,
4157,3,12,RandomK,45,63,11,1,"Hit","Hit(CCW,9,TOUCH)",,,,,
4157,3,12,RandomK,45,66,12,1,"Hit","Hit(CW,9,MIDDLE)",,,,,
4157,3,12,RandomK,45,69,13,1,"Hit","Hit(CCW,9,STRONG)",,,,,
4157,3,12,RandomK,45,70,14,1,"Freeze","Freeze(CW,9)",,,,,
4157,3,12,RandomK,45,73,15,1,"Hit","Hit(CCW,11,TOUCH)",,,,,
4157,3,12,RandomK,45,80,16,1,"Freeze","Freeze(CW,11)",,,,,
4157,3,12,RandomK,45,85,17,1,"PostGuard","PostGuard(CCW,2,1)",,,,,
4157,3,12,RandomK,45,87,18,1,"PostGuard","PostGuard(CCW,2,2)",,,,,
4157,3,12,RandomK,45,95,19,1,"PostGuard","PostGuard(CCW,8,0)",,,,,
4157,3,12,RandomK,45,101,20,1,"PostGuard","PostGuard(CCW,10,0)",,,,,
4157,3,12,RandomK,45,106,21,1,"Pass","Pass",,,,,
7373,1,11,RandomK,45,0,0,1,"Draw","Draw(CW,TEE)",,,,,
7373,1,11,RandomK,45,7,1,1,"Draw","Draw(CCW,S4)",,,,,
7373,1,11,RandomK,45,12,2,1,"Draw","Draw(CW,L1)",,,,,
7373,1,11,RandomK,45,22,3,1,"Draw","Draw(CW,L6)",,,,,
7373,1,11,RandomK,45,25,4,1,"Draw","Draw(CCW,L7)",,,,,
7373,1,11,RandomK,45,30,5,1,"PreGuard","PreGuard(CW,G5)",,,,,
7373,1,11,RandomK,45,41,6,1,"Freeze","Freeze(CCW,2)",,,,,
7373,1,11,RandomK,45,42,7,1,"Hit","Hit(CW,4,TOUCH)",,,,,
7373,1,11,RandomK,45,48,8,1,"Hit","Hit(CW,4,STRONG)",,,,,
7373,1,11,RandomK,45,61,9,1,"Freeze","Freeze(CCW,6)",,,,,
7373,1,11,RandomK,45,62,10,1,"Hit","Hit(CW,8,TOUCH)",,,,,
7373,1,11,RandomK,45,63,11,1,"Hit","Hit(CCW,8,TOUCH)",,,,,
7373,1,11,RandomK,45,65,12,1,"Hit","Hit(CCW,8,WEAK)",,,,,
7373,1,11,RandomK,45,79,13,1,"PostGuard","PostGuard(CCW,5,0)",,,,,
7373,1,11,RandomK,45,83,14,1,"PostGuard","PostGuard(CCW,5,2)",,,,,
7373,1,11,RandomK,45,84,15,1,"PostGuard","PostGuard(CW,7,0)",,,,,
7373,1,11,RandomK,45,85,16,1,"PostGuard","PostGuard(CCW,7,0)",,,,,
7373,1,11,RandomK,45,91,17,1,"PostGuard","PostGuard(CCW,9,0)",,,,,
7373,1,11,RandomK,45,92,18,1,"PostGuard","PostGuard(CW,9,1)",,,,,
7373,1,11,RandomK,45,94,19,1,"PostGuard","PostGuard(CW,9,2)",,,,,
7373,1,11,RandomK,45,97,20,1,"PostGuard","PostGuard(CCW,11,0)",,,,,
7173,4,15,RandomK,45,1,0,1,"Draw","Draw(CCW,TEE)",,,,,
7173,4,15,RandomK,45,11,1,1,"Draw","Draw(CCW,L0)",,,,,
7173,4,15,RandomK,45,12,2,1,"Draw","Draw(CW,L1)",,,,,
7173,4,15,RandomK,45,16,3,1,"Draw","Draw(CW,L3)",,,,,
7173,4,15,RandomK,45,20,4,1,"Draw","Draw(CW,L5)",,,,,
7173,4,15,RandomK,45,24,5,1,"Draw","Draw(CW,L7)",,,,,
7173,4,15,RandomK,45,25,6,1,"Draw","Draw(CCW,L7)",,,,,
7173,4,15,RandomK,45,26,7,1,"PreGuard","PreGuard(CW,G3)",,,,,
7173,4,15,RandomK,45,27,8,1,"PreGuard","PreGuard(CCW,G3)",,,,,
7173,4,15,RandomK,45,32,9,1,"Hit","Hit(CW,0,TOUCH)",,,,,
7173,4,15,RandomK,45,35,10,1,"Hit","Hit(CCW,0,WEAK)",,,,,
7173,4,15,RandomK,45,36,11,1,"Hit","Hit(CW,0,MIDDLE)",,,,,
7173,4,15,RandomK,45,37,12,1,"Hit","Hit(CCW,0,MIDDLE)",,,,,
7173,4,15,RandomK,45,39,13,1,"Hit","Hit(CCW,0,STRONG)",,,,,
7173,4,15,RandomK,45,53,14,1,"Hit","Hit(CCW,4,TOUCH)",,,,,
7173,4,15,RandomK,45,56,15,1,"Hit","Hit(CW,4,MIDDLE)",,,,,
7173,4,15,RandomK,45,70,16,1,"Freeze","Freeze(CW,6)",,,,,
7173,4,15,RandomK,45,74,17,1,"Hit","Hit(CW,8,WEAK)",,,,,
7173,4,15,RandomK,45,87,18,1,"Hit","Hit(CCW,10,MIDDLE)",,,,,
7173,4,15,RandomK,45,92,19,1,"Hit","Hit(CW,12,TOUCH)",,,,,
7173,4,15,RandomK,45,94,20,1,"Hit","Hit(CW,12,WEAK)",,,,,
7173,4,15,RandomK,45,95,21,1,"Hit","Hit(CCW,12,WEAK)",,,,,
7173,4,15,RandomK,45,101,22,1,"Freeze","Freeze(CCW,12)",,,,,
7173,4,15,RandomK,45,103,23,1,"PostGuard","PostGuard(CCW,1,0)",,,,,
7173,4,15,RandomK,45,113,24,1,"PostGuard","PostGuard(CCW,3,2)",,,,,
7173,4,15,RandomK,45,118,25,1,"PostGuard","PostGuard(CW,5,2)",,,,,
7173,4,15,RandomK,45,121,26,1,"PostGuard","PostGuard(CCW,7,0)",,,,,
7173,4,15,RandomK,45,122,27,1,"PostGuard","PostGuard(CW,7,1)",,,,,
7173,4,15,RandomK,45,124,28,1,"PostGuard","PostGuard(CW,7,2)",,,,,
7173,4,15,RandomK,45,126,29,1,"PostGuard","PostGuard(CW,9,0)",,,,,
7173,4,15,RandomK,45,147,30,1,"PostGuard","PostGuard(CCW,15,1)",,,,,
196,4,4,RandomK,45,1,0,1,"Draw","Draw(CCW,TEE)",,,,,
196,4,4,RandomK,45,7,1,1,"Draw","Draw(CCW,S4)",,,,,
196,4,4,RandomK,45,13,2,1,"Draw","Draw(CCW,L1)",,,,,
196,4,4,RandomK,45,16,3,1,"Draw","Draw(CW,L3)",,,,,
196,4,4,RandomK,45,20,4,1,"Draw","Draw(CW,L5)",,,,,
196,4,4,RandomK,45,32,5,1,"Hit","Hit(CW,3,TOUCH)",,,,,
196,4,4,RandomK,45,34,6,1,"Hit","Hit(CW,3,WEAK)",,,,,
196,4,4,RandomK,45,40,7,1,"Freeze","Freeze(CW,3)",,,,,
196,4,4,RandomK,45,42,8,1,"PostGuard","PostGuard(CW,2,0)",,,,,
196,4,4,RandomK,45,44,9,1,"PostGuard","PostGuard(CW,2,1)",,,,,
2630,2,14,RandomK,45,2,0,1,"Draw","Draw(CW,S0)",,,,,
2630,2,14,RandomK,45,13,1,1,"Draw","Draw(CCW,L1)",,,,,
2630,2,14,RandomK,45,14,2,1,"Draw","Draw(CW,L2)",,,,,
2630,2,14,RandomK,45,17,3,1,"Draw","Draw(CCW,L3)",,,,,
2630,2,14,RandomK,45,20,4,1,"Draw","Draw(CW,L5)",,,,,
2630,2,14,RandomK,45,31,5,1,"PreGuard","PreGuard(CCW,G5)",,,,,
2630,2,14,RandomK,45,41,6,1,"Freeze","Freeze(CCW,11)",,,,,
2630,2,14,RandomK,45,44,7,1,"Hit","Hit(CW,13,WEAK)",,,,,
2630,2,14,RandomK,45,50,8,1,"Freeze","Freeze(CW,13)",,,,,
2630,2,14,RandomK,45,51,9,1,"Freeze","Freeze(CCW,13)",,,,,
2630,2,14,RandomK,45,52,10,1,"PostGuard","PostGuard(CW,10,0)",,,,,
2630,2,14,RandomK,45,56,11,1,"PostGuard","PostGuard(CW,10,2)",,,,,
5731,2,10,RandomK,45,5,0,1,"Draw","Draw(CCW,S2)",,,,,
5731,2,10,RandomK,45,14,1,1,"Draw","Draw(CW,L2)",,,,,
5731,2,10,RandomK,45,15,2,1,"Draw","Draw(CCW,L2)",,,,,
5731,2,10,RandomK,45,21,3,1,"Draw","Draw(CCW,L5)",,,,,
5731,2,10,RandomK,45,22,4,1,"Draw","Draw(CW,L6)",,,,,
5731,2,10,RandomK,45,24,5,1,"Draw","Draw(CW,L7)",,,,,
5731,2,10,RandomK,45,33,6,1,"Hit","Hit(CCW,9,TOUCH)",,,,,
5731,2,10,RandomK,45,40,7,1,"Freeze","Freeze(CW,9)",,,,,
5731,2,10,RandomK,45,41,8,1,"Freeze","Freeze(CCW,9)",,,,,
9518,4,5,RandomK,45,4,0,1,"Draw","Draw(CW,S2)",,,,,
9518,4,5,RandomK,45,8,1,1,"Draw","Draw(CW,S6)",,,,,
9518,4,5,RandomK,45,18,2,1,"Draw","Draw(CW,L4)",,,,,
9518,4,5,RandomK,45,22,3,1,"Draw","Draw(CW,L6)",,,,,
9518,4,5,RandomK,45,27,4,1,"PreGuard","PreGuard(CCW,G3)",,,,,
9518,4,5,RandomK,45,31,5,1,"PreGuard","PreGuard(CCW,G5)",,,,,
9518,4,5,RandomK,45,33,6,1,"Hit","Hit(CCW,0,TOUCH)",,,,,
9518,4,5,RandomK,45,35,7,1,"Hit","Hit(CCW,0,WEAK)",,,,,
9518,4,5,RandomK,45,43,8,1,"Hit","Hit(CCW,2,TOUCH)",,,,,
9518,4,5,RandomK,45,47,9,1,"Hit","Hit(CCW,2,MIDDLE)",,,,,
9518,4,5,RandomK,45,50,10,1,"Freeze","Freeze(CW,2)",,,,,
9518,4,5,RandomK,45,52,11,1,"PostGuard","PostGuard(CW,1,0)",,,,,
9518,4,5,RandomK,45,53,12,1,"PostGuard","PostGuard(CCW,1,0)",,,,,
9518,4,5,RandomK,45,63,13,1,"PostGuard","PostGuard(CCW,3,2)",,,,,
9518,4,5,RandomK,45,68,14,1,"PostGuard","PostGuard(CW,5,2)",,,,,
8211,7,12,RandomK,45,9,0,1,"Draw","Draw(CCW,S6)",,,,,
8211,7,12,RandomK,45,13,1,1,"Draw","Draw(CCW,L1)",,,,,
8211,7,12,RandomK,45,14,2,1,"Draw","Draw(CW,L2)",,,,,
8211,7,12,RandomK,45,18,3,1,"Draw","Draw(CW,L4)",,,,,
8211,7,12,RandomK,45,20,4,1,"Draw","Draw(CW,L5)",,,,,
8211,7,12,RandomK,45,21,5,1,"Draw","Draw(CCW,L5)",,,,,
8211,7,12,RandomK,45,26,6,1,"PreGuard","PreGuard(CW,G3)",,,,,
8211,7,12,RandomK,45,29,7,1,"PreGuard","PreGuard(CCW,G4)",,,,,
8211,7,12,RandomK,45,37,8,1,"Hit","Hit(CCW,1,MIDDLE)",,,,,
8211,7,12,RandomK,45,44,9,1,"Hit","Hit(CW,5,WEAK)",,,,,
8211,7,12,RandomK,45,51,10,1,"Freeze","Freeze(CCW,5)",,,,,
8211,7,12,RandomK,45,55,11,1,"Hit","Hit(CCW,9,WEAK)",,,,,
8211,7,12,RandomK,45,56,12,1,"Hit","Hit(CW,9,MIDDLE)",,,,,
8211,7,12,RandomK,45,66,13,1,"Hit","Hit(CW,11,MIDDLE)",,,,,
8211,7,12,RandomK,45,67,14,1,"Hit","Hit(CCW,11,MIDDLE)",,,,,
8211,7,12,RandomK,45,77,15,1,"PostGuard","PostGuard(CCW,4,2)",,,,,
