group,level,target,n,mean,se,median,kruskal_p
phase_r,early_r9+,d_A9_A1,15,0.02026666666666665,0.04930135385629376,0.0109999999999999,0.9620353343964061
phase_r,late_r2-4,d_A9_A1,16,-0.03525,0.08040291765021135,-0.02300000000000015,0.9620353343964061
phase_r,mid_r5-8,d_A9_A1,11,-0.0012727272727272587,0.07534575947639242,-0.059,0.9620353343964061
phase_r,r1,d_A9_A1,8,0.0,0.0,0.0,0.9620353343964061
phase_r,early_r9+,d_A2_A1,15,0.008533333333333344,0.044656452279135755,0.0479999999999999,0.1801862501005346
phase_r,late_r2-4,d_A2_A1,16,-0.2681874999999999,0.1696658288801353,-0.0274999999999999,0.1801862501005346
phase_r,mid_r5-8,d_A2_A1,11,-0.033727272727272675,0.09075472348429445,-0.0739999999999998,0.1801862501005346
phase_r,r1,d_A2_A1,8,0.5218750000000001,0.30657662975301014,0.0,0.1801862501005346
phase_r,early_r9+,d_A9_A2,15,0.01173333333333331,0.041087996934183725,-0.0490000000000001,0.25996962130129003
phase_r,late_r2-4,d_A9_A2,16,0.23293750000000002,0.14332641849841687,0.0765000000000001,0.25996962130129003
phase_r,mid_r5-8,d_A9_A2,11,0.03245454545454543,0.07071959528323668,0.101,0.25996962130129003
phase_r,r1,d_A9_A2,8,-0.5218750000000001,0.30657662975301014,0.0,0.25996962130129003
phase_r,early_r9+,dadj_A9_A1,15,0.0027229333333333616,0.048425455815979644,-0.040779,0.9705371373636976
phase_r,late_r2-4,dadj_A9_A1,16,-0.03168621875000005,0.09284745383708169,-0.02626250000000005,0.9705371373636976
phase_r,mid_r5-8,dadj_A9_A1,11,-0.01384499999999998,0.08971527363214646,-0.099801,0.9705371373636976
phase_r,r1,dadj_A9_A1,8,0.0,0.0,0.0,0.9705371373636976
phase_r,early_r9+,screen_loss,15,0.21586666666666668,0.024822966835970333,0.196,0.7434898159884273
phase_r,late_r2-4,screen_loss,16,0.21862499999999996,0.050372022244495995,0.16199999999999998,0.7434898159884273
phase_r,mid_r5-8,screen_loss,11,0.27772727272727277,0.05252204574515541,0.217,0.7434898159884273
phase_r,r1,screen_loss,8,0.409375,0.18389010086578494,0.21250000000000002,0.7434898159884273
phase_r,early_r9+,rho_gain,15,0.09107107056384249,0.04043806602023732,0.0515825300190101,0.7654151011556919
phase_r,late_r2-4,rho_gain,16,0.11748385684342633,0.04502762141215156,0.1493141798333451,0.7654151011556919
phase_r,mid_r5-8,rho_gain,11,0.14257355519482398,0.03299252950659745,0.1415457278551702,0.7654151011556919
phase_r,r1,rho_gain,7,-0.09896365647777373,0.24142768250037716,0.0257122782695654,0.7654151011556919
phase_shot,early,d_A9_A1,11,0.026363636363636346,0.03998187605932393,0.0109999999999999,0.9033337527864171
phase_shot,late,d_A9_A1,24,-0.023499999999999997,0.05312921765013995,0.0,0.9033337527864171
phase_shot,mid,d_A9_A1,15,1.1102230246251566e-17,0.06752748999305322,-0.054,0.9033337527864171
phase_shot,early,d_A2_A1,11,0.034272727272727295,0.04824936945590647,0.088,0.3694717387453431
phase_shot,late,d_A2_A1,24,-0.00483333333333331,0.16757658498653324,0.0,0.3694717387453431
phase_shot,mid,d_A2_A1,15,-0.041333333333333305,0.07050043341080331,-0.0739999999999998,0.3694717387453431
phase_shot,early,d_A9_A2,11,-0.007909090909090944,0.04585182747333661,-0.0490000000000001,0.7407090318093675
phase_shot,late,d_A9_A2,24,-0.018666666666666703,0.15482699164872762,0.0,0.7407090318093675
phase_shot,mid,d_A9_A2,15,0.04133333333333333,0.05609258219923358,0.101,0.7407090318093675
phase_shot,early,dadj_A9_A1,11,0.010591636363636393,0.039711800174455296,-0.040779,0.9828455360453953
phase_shot,late,dadj_A9_A1,24,-0.021124145833333354,0.06130097226297694,0.0,0.9828455360453953
phase_shot,mid,dadj_A9_A1,15,-0.015197266666666643,0.0756519264560342,-0.0825859999999999,0.9828455360453953
phase_shot,early,screen_loss,11,0.21645454545454543,0.02897784847912866,0.196,0.6732003481216458
phase_shot,late,screen_loss,24,0.28220833333333334,0.0698949776130689,0.16199999999999998,0.6732003481216458
phase_shot,mid,screen_loss,15,0.26080000000000003,0.040957376218047306,0.217,0.6732003481216458
phase_shot,early,rho_gain,11,0.09288707881282782,0.044445301760328494,0.0300593031032364,0.7785838270978441
phase_shot,late,rho_gain,23,0.051608526702191515,0.0790607075851603,0.118411056629079,0.7785838270978441
phase_shot,mid,rho_gain,15,0.12750781991063967,0.03485138402698804,0.1317771488009761,0.7785838270978441
has_hammer,0,d_A9_A1,22,-0.0011818181818181903,0.06217666620007865,-0.02150000000000005,0.9687570620077687
has_hammer,1,d_A9_A1,28,-0.008857142857142864,0.034963689187533085,0.0,0.9687570620077687
has_hammer,0,d_A2_A1,22,-0.18849999999999997,0.12813670915770484,0.0,0.5311489617909514
has_hammer,1,d_A2_A1,28,0.13528571428571431,0.10261405909872463,-0.0199999999999999,0.5311489617909514
has_hammer,0,d_A9_A2,22,0.18731818181818183,0.10564476099354717,0.0444999999999999,0.12975563863965353
has_hammer,1,d_A9_A2,28,-0.14414285714285716,0.10058621449149681,0.0,0.12975563863965353
has_hammer,0,dadj_A9_A1,22,-0.021569750000000016,0.0720578629870052,-0.05265049999999995,0.5834576502099207
has_hammer,1,dadj_A9_A1,28,-0.005139142857142854,0.037360539910003564,0.0,0.5834576502099207
has_hammer,0,screen_loss,22,0.22277272727272723,0.035984901344230935,0.20550000000000002,0.8680274486598188
has_hammer,1,screen_loss,28,0.29160714285714284,0.05770441784976428,0.19849999999999995,0.8680274486598188
has_hammer,0,rho_gain,22,0.11108771461067617,0.0364278348562282,0.12509410271502755,0.8564407259983644
has_hammer,1,rho_gain,27,0.06212746512282335,0.06587598092951029,0.0821155260465095,0.8564407259983644
n_stones_bin,0-1,d_A9_A1,2,0.013000000000000051,0.04399999999999994,0.013000000000000051,0.8750628067991735
n_stones_bin,13-16,d_A9_A1,8,-0.061625000000000034,0.039325535824158084,0.0,0.8750628067991735
n_stones_bin,2-4,d_A9_A1,16,0.010937499999999989,0.05360406302619855,-0.027,0.8750628067991735
n_stones_bin,5-8,d_A9_A1,14,-0.0025714285714285956,0.088488573440379,0.0275,0.8750628067991735
n_stones_bin,9-12,d_A9_A1,10,0.005400000000000055,0.07259173506674156,0.0,0.8750628067991735
n_stones_bin,0-1,d_A2_A1,2,0.1145,0.049499999999999995,0.1145,0.45214850422871755
n_stones_bin,13-16,d_A2_A1,8,-0.37625000000000003,0.2687882032647373,0.0,0.45214850422871755
n_stones_bin,2-4,d_A2_A1,16,0.14,0.14989093256987449,0.024499999999999897,0.45214850422871755
n_stones_bin,5-8,d_A2_A1,14,-0.07678571428571423,0.11475598471651688,-0.0754999999999999,0.45214850422871755
n_stones_bin,9-12,d_A2_A1,10,0.1257000000000001,0.19112683688529397,-0.04699999999999995,0.45214850422871755
n_stones_bin,0-1,d_A9_A2,2,-0.1014999999999999,0.0935,-0.1014999999999999,0.538628870160728
n_stones_bin,13-16,d_A9_A2,8,0.314625,0.2710849193189154,0.0,0.538628870160728
n_stones_bin,2-4,d_A9_A2,16,-0.12906250000000002,0.14998845702114325,-0.06999999999999995,0.538628870160728
n_stones_bin,5-8,d_A9_A2,14,0.07421428571428568,0.05116254839164861,0.09249999999999986,0.538628870160728
n_stones_bin,9-12,d_A9_A2,10,-0.1203,0.1779419412180401,0.0505,0.538628870160728
n_stones_bin,0-1,dadj_A9_A1,2,-6.0750000000001775e-05,0.04071825,-6.0750000000001775e-05,0.8348986567525547
n_stones_bin,13-16,dadj_A9_A1,8,-0.06405987500000002,0.04198256197206739,0.0,0.8348986567525547
n_stones_bin,2-4,dadj_A9_A1,16,-0.021862312499999995,0.05388395261003956,-0.0440299999999999,0.8348986567525547
n_stones_bin,5-8,dadj_A9_A1,14,0.0026728571428571214,0.10483686454457179,0.03683449999999995,0.8348986567525547
n_stones_bin,9-12,dadj_A9_A1,10,0.020654700000000015,0.08306961806809329,0.0,0.8348986567525547
n_stones_bin,0-1,screen_loss,2,0.12749999999999995,0.044500000000000046,0.12749999999999995,0.17357488966889337
n_stones_bin,13-16,screen_loss,8,0.21425,0.10414151601135282,0.0225,0.17357488966889337
n_stones_bin,2-4,screen_loss,16,0.1856875,0.030305213900966504,0.1875,0.17357488966889337
n_stones_bin,5-8,screen_loss,14,0.25542857142857145,0.030290664119659815,0.2705,0.17357488966889337
n_stones_bin,9-12,screen_loss,10,0.45499999999999996,0.13558801979198273,0.32250000000000006,0.17357488966889337
n_stones_bin,0-1,rho_gain,2,0.3588458964800997,0.027631686029125663,0.3588458964800997,0.02653725784402697
n_stones_bin,13-16,rho_gain,7,0.005408339192492113,0.050430401078528524,0.0257122782695654,0.02653725784402697
n_stones_bin,2-4,rho_gain,16,0.17205838689444442,0.039054915371182615,0.22835470737537295,0.02653725784402697
n_stones_bin,5-8,rho_gain,14,0.08582079167115805,0.035025450244888234,0.07648577021794414,0.02653725784402697
n_stones_bin,9-12,rho_gain,10,-0.05886041612638613,0.16560829339558455,0.10072951901761179,0.02653725784402697
no1_mine,-1,d_A9_A1,2,0.013000000000000051,0.04399999999999994,0.013000000000000051,0.6927691004770853
no1_mine,0,d_A9_A1,26,-0.026846153846153867,0.03347015627311509,0.0,0.6927691004770853
no1_mine,1,d_A9_A1,22,0.01809090909090909,0.06503674982064658,0.0,0.6927691004770853
no1_mine,-1,d_A2_A1,2,0.1145,0.049499999999999995,0.1145,0.4653327958303217
no1_mine,0,d_A2_A1,26,-0.06719230769230768,0.11177584738740119,-0.04299999999999985,0.4653327958303217
no1_mine,1,d_A2_A1,22,0.05268181818181821,0.13571686191345123,0.0,0.4653327958303217
no1_mine,-1,d_A9_A2,2,-0.1014999999999999,0.0935,-0.1014999999999999,0.5320662078876087
no1_mine,0,d_A9_A2,26,0.04034615384615382,0.10879172681084352,0.01199999999999995,0.5320662078876087
no1_mine,1,d_A9_A2,22,-0.034590909090909124,0.11732027166372692,0.0,0.5320662078876087
no1_mine,-1,dadj_A9_A1,2,-6.0750000000001775e-05,0.04071825,-6.0750000000001775e-05,0.7271280659674481
no1_mine,0,dadj_A9_A1,26,-0.036541700000000024,0.03515225982694537,-0.0122225000000001,0.7271280659674481
no1_mine,1,dadj_A9_A1,22,0.015080690909090934,0.0752892908941103,0.0,0.7271280659674481
no1_mine,-1,screen_loss,2,0.12749999999999995,0.044500000000000046,0.12749999999999995,0.5833792601681813
no1_mine,0,screen_loss,26,0.288576923076923,0.05827054073165758,0.20199999999999996,0.5833792601681813
no1_mine,1,screen_loss,22,0.2412727272727273,0.044111536211273984,0.222,0.5833792601681813
no1_mine,-1,rho_gain,2,0.3588458964800997,0.027631686029125663,0.3588458964800997,0.04543221010733372
no1_mine,0,rho_gain,25,0.07835992254080901,0.06977097075701202,0.1415457278551702,0.04543221010733372
no1_mine,1,rho_gain,22,0.06566733742139462,0.03624616437717411,0.0560508737031333,0.04543221010733372
best_type_is_hit,0,d_A9_A1,23,0.02491304347826087,0.03720443006918184,0.0,0.4585871028720113
best_type_is_hit,1,d_A9_A1,27,-0.03137037037037039,0.05299081111947747,0.0,0.4585871028720113
best_type_is_hit,0,d_A2_A1,23,-0.013826086956521742,0.1486136148888509,0.0,0.9456104093235
best_type_is_hit,1,d_A2_A1,27,-0.0015185185185184612,0.08979392948933106,0.0,0.9456104093235
best_type_is_hit,0,d_A9_A2,23,0.0387391304347826,0.14725249506185598,0.0,0.6058787747866128
best_type_is_hit,1,d_A9_A2,27,-0.029851851851851893,0.06675811470898299,0.0,0.6058787747866128
best_type_is_hit,0,dadj_A9_A1,23,0.02453649130434785,0.04023881168383518,0.0,0.29222677679611664
best_type_is_hit,1,dadj_A9_A1,27,-0.04380628888888892,0.060624842915904066,-0.0244450000000002,0.29222677679611664
best_type_is_hit,0,screen_loss,23,0.18069565217391306,0.028613717016708742,0.194,0.07170807494727716
best_type_is_hit,1,screen_loss,27,0.32999999999999996,0.059470646833188506,0.2500000000000001,0.07170807494727716
best_type_is_hit,0,rho_gain,23,0.13266018716870623,0.03620903520650685,0.1193435119887141,0.35677004051625427
best_type_is_hit,1,rho_gain,26,0.04116103749503319,0.0670587589641591,0.08472610749695644,0.35677004051625427
multimodal,0,d_A9_A1,6,0.0146666666666666,0.043495338192091844,0.0,0.845828225949469
multimodal,1,d_A9_A1,44,-0.008227272727272722,0.03743525578832018,0.0,0.845828225949469
multimodal,0,d_A2_A1,6,0.3436666666666666,0.6149353172850333,0.34000000000000014,0.25596362678882245
multimodal,1,d_A2_A1,44,-0.05502272727272724,0.04959644211473369,0.0,0.25596362678882245
multimodal,0,d_A9_A2,6,-0.329,0.6199723649755152,-0.40450000000000014,0.2564782122646335
multimodal,1,d_A9_A2,44,0.046795454545454536,0.031540111371273244,0.0,0.2564782122646335
multimodal,0,dadj_A9_A1,6,0.02897013333333325,0.0308530728214297,0.0,0.48206203606274245
multimodal,1,dadj_A9_A1,44,-0.018005711363636354,0.04249865339013028,-0.0122225000000001,0.48206203606274245
multimodal,0,screen_loss,6,0.5656666666666665,0.223794052150136,0.5794999999999999,0.20977943320973091
multimodal,1,screen_loss,44,0.2198181818181818,0.023444105466130575,0.19849999999999995,0.20977943320973091
multimodal,0,rho_gain,6,-0.12468281952543227,0.28215771793778915,0.026259397617506702,0.6473147843885354
multimodal,1,rho_gain,43,0.11324344643962093,0.023555793552008406,0.1193435119887141,0.6473147843885354
multitype,0,d_A9_A1,12,-0.05175,0.05283997066615383,0.0,0.3448620957275885
multitype,1,d_A9_A1,38,0.009131578947368418,0.040521251138334526,0.0,0.3448620957275885
multitype,0,d_A2_A1,12,0.07400000000000002,0.31171001967154727,-0.04299999999999985,0.9637149183734917
multitype,1,d_A2_A1,38,-0.03281578947368418,0.05272113025205623,0.0,0.9637149183734917
multitype,0,d_A9_A2,12,-0.12575000000000003,0.3078636584544686,-0.04850000000000005,0.509944071261817
multitype,1,d_A9_A2,38,0.04194736842105261,0.031457097776560215,0.0,0.509944071261817
multitype,0,dadj_A9_A1,12,-0.046442058333333404,0.05343587780513125,0.0,0.6571516567360347
multitype,1,dadj_A9_A1,38,-0.001608573684210515,0.04666833036547626,0.0,0.6571516567360347
multitype,0,screen_loss,12,0.43175,0.12110358232321268,0.3320000000000001,0.15230904942572193
multitype,1,screen_loss,38,0.20749999999999996,0.023544448144028094,0.19849999999999995,0.15230904942572193
multitype,0,rho_gain,12,0.020856252255330814,0.1445669924777053,0.1299783922421246,0.7448076856724569
multitype,1,rho_gain,37,0.10462422304559828,0.025501355135367703,0.1010510302835634,0.7448076856724569
degenerate,0,d_A9_A1,42,-0.00652380952380953,0.039675531243286176,-0.0085,1.0
degenerate,1,d_A9_A1,8,0.0,0.0,0.0,1.0
degenerate,0,d_A2_A1,42,-0.10795238095238091,0.07192591969371961,-0.04249999999999985,0.07156190048540821
degenerate,1,d_A2_A1,8,0.5218750000000001,0.30657662975301014,0.0,0.07156190048540821
degenerate,0,d_A9_A2,42,0.10142857142857142,0.060411770769057314,0.0385,0.09539570042734852
degenerate,1,d_A9_A2,8,-0.5218750000000001,0.30657662975301014,0.0,0.09539570042734852
degenerate,0,dadj_A9_A1,42,-0.01472453571428572,0.044798946672267234,-0.03229600000000005,0.6713751741380634
degenerate,1,dadj_A9_A1,8,0.0,0.0,0.0,0.6713751741380634
degenerate,0,screen_loss,42,0.23311904761904753,0.02494496153802427,0.20199999999999996,0.96832931742334
degenerate,1,screen_loss,8,0.409375,0.18389010086578494,0.21250000000000002,0.96832931742334
degenerate,0,rho_gain,42,0.11462183035941718,0.023694450974923002,0.11887728430889655,0.5872281657620816
degenerate,1,rho_gain,7,-0.09896365647777373,0.24142768250037716,0.0257122782695654,0.5872281657620816
crowded_house,0,d_A9_A1,18,0.011166666666666658,0.047605901896979504,-0.01549999999999995,0.9757653651867525
crowded_house,1,d_A9_A1,32,-0.01484375,0.04500985800120132,0.0,0.9757653651867525
crowded_house,0,d_A2_A1,18,0.13716666666666666,0.13282017057818557,0.05649999999999995,0.1342238556066865
crowded_house,1,d_A2_A1,32,-0.08837499999999995,0.10459876053589336,-0.0454999999999999,0.1342238556066865
crowded_house,0,d_A9_A2,18,-0.126,0.13306350147518514,-0.06999999999999995,0.14272824795199188
crowded_house,1,d_A9_A2,32,0.07353124999999999,0.09137226656666804,0.07249999999999995,0.14272824795199188
crowded_house,0,dadj_A9_A1,18,-0.01943991666666666,0.04786269262696862,-0.03442949999999995,0.6197684019555014
crowded_house,1,dadj_A9_A1,32,-0.008391000000000006,0.05269945566433316,0.0,0.6197684019555014
crowded_house,0,screen_loss,18,0.17922222222222223,0.027439601594360406,0.1765,0.160014475939532
crowded_house,1,screen_loss,32,0.3075,0.052689672734827504,0.25550000000000006,0.160014475939532
crowded_house,0,rho_gain,18,0.19281255462618385,0.03746988631968232,0.23641021497220377,0.0051139096614807
crowded_house,1,rho_gain,31,0.02099178375741278,0.05606008952350788,0.0601812372539417,0.0051139096614807
center_lane_blocked,0,d_A9_A1,11,-0.027636363636363622,0.0626980168929931,-0.054,0.4741528244373272
center_lane_blocked,1,d_A9_A1,39,0.0007692307692307614,0.03915117352061249,0.0,0.4741528244373272
center_lane_blocked,0,d_A2_A1,11,-0.04518181818181816,0.055874505193142535,-0.015,0.6987993626268292
center_lane_blocked,1,d_A2_A1,39,0.0035384615384615793,0.10543211544149832,0.0,0.6987993626268292
center_lane_blocked,0,d_A9_A2,11,0.017545454545454562,0.05123073715799985,-0.0490000000000001,0.7078014993021067
center_lane_blocked,1,d_A9_A2,39,-0.002769230769230793,0.09672958858807876,0.0239999999999999,0.7078014993021067
center_lane_blocked,0,dadj_A9_A1,11,-0.048998136363636376,0.06311227232963097,-0.0365120000000002,0.5974966831608761
center_lane_blocked,1,dadj_A9_A1,39,-0.002037205128205131,0.044994737543733336,0.0,0.5974966831608761
center_lane_blocked,0,screen_loss,11,0.20699999999999996,0.03946160389312859,0.194,0.7518213693186034
center_lane_blocked,1,screen_loss,39,0.2766410256410256,0.044699076110144856,0.203,0.7518213693186034
center_lane_blocked,0,rho_gain,11,0.2275213202952799,0.03949744672923001,0.2397395360268473,0.005858556557097609
center_lane_blocked,1,rho_gain,38,0.04259570411850072,0.04789470113264215,0.0711483816502256,0.005858556557097609
